Last Name,First Name,Suffix,Position,Number,Team Location,Team Name
Alexander,Lorenzo,,OLB,57,Buffalo,Bills
Alexander,Maurice,,LB,41,Buffalo,Bills
Allen,Josh,,QB,17,Buffalo,Bills
Barkley,Matt,,QB,5,Buffalo,Bills
Bates,Ryan,,OT,71,Buffalo,Bills
Beasley,Cole,,WR,10,Buffalo,Bills
Boettger,Ike,,OG,65,Buffalo,Bills
Bojorquez,Corey,,P,9,Buffalo,Bills
Brown,John,,WR,15,Buffalo,Bills
Coleman,Kurt,,SS,28,Buffalo,Bills
Croom,Jason,,TE,80,Buffalo,Bills
Dawkins,Dion,,OT,73,Buffalo,Bills
DiMarco,Patrick,,RB,42,Buffalo,Bills
Dodson,Tyrel,,LB,53,Buffalo,Bills
Edmunds,Tremaine,,MLB,49,Buffalo,Bills
Feliciano,Jon,,OG,76,Buffalo,Bills
Ferguson,Reid,,LS,69,Buffalo,Bills
Ford,Cody,,OT,70,Buffalo,Bills
Foster,Robert,,WR,16,Buffalo,Bills
Gore,Frank,,RB,20,Buffalo,Bills
Hauschka,Stephen,,K,4,Buffalo,Bills
Hughes,Jerry,,DE,55,Buffalo,Bills
Hyde,Micah,,SS,23,Buffalo,Bills
Johnson,Darryl,,DE,92,Buffalo,Bills
Johnson,Jaquan,,DB,46,Buffalo,Bills
Johnson,Kevin,,CB,29,Buffalo,Bills
Johnson,Taron,,CB,24,Buffalo,Bills
Jones,Zay,,WR,11,Buffalo,Bills
Joseph,Vosean,,LB,50,Buffalo,Bills
Knox,Dawson,,TE,88,Buffalo,Bills
Kroft,Tyler,,TE,81,Buffalo,Bills
Lawson,Shaq,,DE,90,Buffalo,Bills
Long,Spencer,,C,61,Buffalo,Bills
Lotulelei,Star,,DT,98,Buffalo,Bills
Love,Mike,,DE,56,Buffalo,Bills
Marlowe,Dean,,SS,31,Buffalo,Bills
McDermott,Conor,,OT,68,Buffalo,Bills
McKenzie,Isaiah,,WR,19,Buffalo,Bills
Milano,Matt,,OLB,58,Buffalo,Bills
Morse,Mitch,,C,60,Buffalo,Bills
Murphy,Trent,,DE,93,Buffalo,Bills
Neal,Siran,,DB,33,Buffalo,Bills
Nsekhe,Ty,,OT,77,Buffalo,Bills
Oliver,Ed,,DT,91,Buffalo,Bills
Phillips,Harrison,,DT,99,Buffalo,Bills
Phillips,Jordan,,DT,97,Buffalo,Bills
Poyer,Jordan,,FS,21,Buffalo,Bills
Roberts,Andre,,WR,18,Buffalo,Bills
Singletary,Devin,,RB,26,Buffalo,Bills
Smith,Lee,,TE,85,Buffalo,Bills
Spain,Quinton,,OG,67,Buffalo,Bills
Stanford,Julian,,LB,51,Buffalo,Bills
Sweeney,Tommy,,TE,89,Buffalo,Bills
Thompson,Corey,,LB,52,Buffalo,Bills
Waddle,LaAdrian,,OT,74,Buffalo,Bills
Wallace,Levi,,DB,39,Buffalo,Bills
White,Tre'Davious,,CB,27,Buffalo,Bills
Yeldon,T.J.,,RB,22,Buffalo,Bills
Aikens,Walt,,DB,35,Miami,Dolphins
Allen,Chase,,OLB,59,Miami,Dolphins
Bademosi,Johnson,,DB,26,Miami,Dolphins
Baker,Jerome,,OLB,55,Miami,Dolphins
Ballage,Kalen,,RB,27,Miami,Dolphins
Biegel,Vince,,LB,47,Miami,Dolphins
Boehm,Evan,,OG,76,Miami,Dolphins
Calhoun,Shaq,,OG,62,Miami,Dolphins
Cox,Chandler,,FB,38,Miami,Dolphins
Crawford,James,,LB,51,Miami,Dolphins
Davenport,Julie'n,,OT,70,Miami,Dolphins
Davis,Jesse,,OG,77,Miami,Dolphins
Deiter,Michael,,OG,63,Miami,Dolphins
Drake,Kenyan,,RB,32,Miami,Dolphins
Eguavoen,Sam,,LB,49,Miami,Dolphins
Fitzpatrick,Minkah,,FS,29,Miami,Dolphins
Fitzpatrick,Ryan,,QB,14,Miami,Dolphins
Gaskin,Myles,,RB,37,Miami,Dolphins
Gesicki,Mike,,TE,88,Miami,Dolphins
Godchaux,Davon,,DT,56,Miami,Dolphins
Grant,Jakeem,,WR,19,Miami,Dolphins
Haack,Matt,,P,2,Miami,Dolphins
Harris,Charles,,DE,90,Miami,Dolphins
Harris,Trent,,DE,97,Miami,Dolphins
Howard,Xavien,,CB,25,Miami,Dolphins
Hull,Mike,,LB,45,Miami,Dolphins
Hurns,Allen,,WR,17,Miami,Dolphins
Isidora,Danny,,OG,65,Miami,Dolphins
Jenkins,John,,DT,95,Miami,Dolphins
Jones,Reshad,,FS,20,Miami,Dolphins
Kilgore,Daniel,,C,67,Miami,Dolphins
Lacey,Deon,,LB,44,Miami,Dolphins
Laird,Patrick,,RB,42,Miami,Dolphins
Lammons,Chris,,DB,30,Miami,Dolphins
Ledbetter,Jonathan,,DE,98,Miami,Dolphins
Louis,Ricardo,,WR,15,Miami,Dolphins
McCain,Bobby,,CB,28,Miami,Dolphins
McMillan,Raekwon,,MLB,52,Miami,Dolphins
Moss,Avery,,DE,93,Miami,Dolphins
Nkemdiche,Robert,,DT,90,Miami,Dolphins
O'Leary,Nick,,TE,83,Miami,Dolphins
Parker,DeVante,,WR,11,Miami,Dolphins
Parker,Steven,,DB,24,Miami,Dolphins
Pepper,Taybor,,LS,46,Miami,Dolphins
Prince,Isaiah,,OT,72,Miami,Dolphins
Reed,Chris,,OG,64,Miami,Dolphins
Rosen,Josh,,QB,3,Miami,Dolphins
Rowe,Eric,,CB,21,Miami,Dolphins
Sanders,Jason,,K,7,Miami,Dolphins
Smythe,Durham,,TE,81,Miami,Dolphins
Tankersley,Cordrea,,CB,23,Miami,Dolphins
Van Ginkel,Andrew,,OLB,43,Miami,Dolphins
Walton,Mark,,RB,22,Miami,Dolphins
Webb,J'Marcus,,OT,61,Miami,Dolphins
Webster,Ken,,DB,31,Miami,Dolphins
Wilkins,Christian,,DT,94,Miami,Dolphins
Williams,Preston,,WR,18,Miami,Dolphins
Wilson,Albert,,WR,15,Miami,Dolphins
Wiltz,Jomal,,CB,33,Miami,Dolphins
Woodard,Jonathan,,DE,76,Miami,Dolphins
Andrews,David,,C,60,New England,Patriots
Bailey,Jake,,P,7,New England,Patriots
Bennett,Michael,,DE,77,New England,Patriots
Bentley,Ja'Whaun,,LB,51,New England,Patriots
Bolden,Brandon,,RB,38,New England,Patriots
Brady,Tom,,QB,12,New England,Patriots
Brooks,Terrence,,DB,25,New England,Patriots
Brown,Antonio,,WR,null,New England,Patriots
Burkhead,Rex,,RB,34,New England,Patriots
Butler,Adam,,DT,70,New England,Patriots
Calhoun,Shilique,,LB,90,New England,Patriots
Cannon,Marcus,,OT,61,New England,Patriots
Cardona,Joe,,LS,49,New England,Patriots
Chung,Patrick,,SS,23,New England,Patriots
Collins,Jamie,,OLB,58,New England,Patriots
Cowart,Byron,,DT,99,New England,Patriots
Cunningham,Korey,,OT,74,New England,Patriots
Davis,Keionta,,DE,58,New England,Patriots
Develin,James,,FB,46,New England,Patriots
Dorsett,Phillip,,WR,13,New England,Patriots
Ebner,Nate,,DB,43,New England,Patriots
Edelman,Julian,,WR,11,New England,Patriots
Eluemunor,Jermaine,,OG,65,New England,Patriots
Ferentz,James,,C,66,New England,Patriots
Froholdt,Hjalte,,OG,55,New England,Patriots
Gant,Malik,,DB,66,New England,Patriots
Gilmore,Stephon,,CB,24,New England,Patriots
Gordon,Josh,,WR,10,New England,Patriots
Gostkowski,Stephen,,K,3,New England,Patriots
Guy,Lawrence,,DT,93,New England,Patriots
Harmon,Duron,,SS,21,New England,Patriots
Harris,Damien,,RB,37,New England,Patriots
Harry,N'Keal,,WR,50,New England,Patriots
Hightower,Dont'a,,OLB,54,New England,Patriots
Izzo,Ryan,,TE,85,New England,Patriots
Jackson,J.C.,,CB,27,New England,Patriots
Jones,Jonathan,,CB,31,New England,Patriots
Karras,Ted,,C,75,New England,Patriots
King,Brandon,,LB,36,New England,Patriots
LaCosse,Matt,,TE,83,New England,Patriots
Mason,Shaq,,OG,69,New England,Patriots
McCourty,Devin,,FS,32,New England,Patriots
McCourty,Jason,,CB,30,New England,Patriots
Meredith,Cameron,,WR,1,New England,Patriots
Meyers,Jakobi,,WR,16,New England,Patriots
Michel,Sony,,RB,26,New England,Patriots
Olszewski,Gunner,,WR,80,New England,Patriots
Rivers,Derek,,DE,95,New England,Patriots
Roberts,Elandon,,OLB,52,New England,Patriots
Ross,D'Angelo,,CB,70,New England,Patriots
Shelton,Danny,,DT,71,New England,Patriots
Simon,John,,DE,55,New England,Patriots
Slater,Matthew,,WR,18,New England,Patriots
Stidham,Jarrett,,QB,4,New England,Patriots
Thomas,Demaryius,,WR,88,New England,Patriots
Thuney,Joe,,OG,62,New England,Patriots
Van Noy,Kyle,,MLB,53,New England,Patriots
Watson,Benjamin,,TE,84,New England,Patriots
White,James,,RB,28,New England,Patriots
Williams,Joejuan,,CB,33,New England,Patriots
Winovich,Chase,,DE,50,New England,Patriots
Wise,Deatrich,,DE,91,New England,Patriots
Wynn,Isaiah,,OT,76,New England,Patriots
Adams,Jamal,,SS,33,New York,Jets
Anderson,Henry,,DE,96,New York,Jets
Anderson,Robby,,WR,11,New York,Jets
Basham,Tarell,,LB,93,New York,Jets
Beachum,Kelvin,,OT,68,New York,Jets
Bell,Le'Veon,,RB,26,New York,Jets
Bellamy,Josh,,WR,15,New York,Jets
Berrios,Braxton,,WR,10,New York,Jets
Brown,Daniel,,TE,87,New York,Jets
Cannon,Trenton,,RB,25,New York,Jets
Cashman,Blake,,LB,53,New York,Jets
Compton,Tom,,OG,77,New York,Jets
Copeland,Brandon,,OLB,51,New York,Jets
Crowder,Jamison,,WR,82,New York,Jets
Darnold,Sam,,QB,14,New York,Jets
Edoga,Chuma,,OT,75,New York,Jets
Edwards,Lac,,P,4,New York,Jets
Enunwa,Quincy,,WR,81,New York,Jets
Farley,Matthias,,DB,41,New York,Jets
Fatukasi,Foley,,DT,94,New York,Jets
Ficken,Sam,,K,null,New York,Jets
Franklin-Myers,John,,DE,56,New York,Jets
Griffin,Ryan,,TE,84,New York,Jets
Hairston,Nate,,CB,21,New York,Jets
Harrison,Jonotthan,,C,78,New York,Jets
Hennessy,Thomas,,LS,42,New York,Jets
Herndon,Chris,,TE,89,New York,Jets
Hewitt,Neville,,LB,46,New York,Jets
Hodges,Temuchin,,TE,86,New York,Jets
Jackson,Bennett,,DB,32,New York,Jets
Jenkins,Jordan,,OLB,48,New York,Jets
Johnson,Trumaine,,CB,22,New York,Jets
Kalil,Ryan,,C,55,New York,Jets
Kaufusi,Bronson,,DE,91,New York,Jets
Langi,Harvey,,LB,44,New York,Jets
Lewis,Alex,,OG,71,New York,Jets
Luvu,Frankie,,LB,50,New York,Jets
Maulet,Arthur,,CB,23,New York,Jets
Maye,Marcus,,FS,20,New York,Jets
McClellan,Albert,,LB,47,New York,Jets
McLendon,Steve,,NT,99,New York,Jets
Miles,Rontez,,DB,45,New York,Jets
Montgomery,Ty,,RB,88,New York,Jets
Mosley,C.J.,,ILB,57,New York,Jets
Myers,Marko,,DB,32,New York,Jets
Osemele,Kelechi,,OG,70,New York,Jets
Phillips,Kyle,,DE,98,New York,Jets
Poole,Brian,,CB,34,New York,Jets
Powell,Bilal,,RB,29,New York,Jets
Qvale,Brent,,OT,79,New York,Jets
Roberts,Darryl,,CB,27,New York,Jets
Shell,Brandon,,OT,72,New York,Jets
Shepherd,Nathan,,DE,97,New York,Jets
Siemian,Trevor,,QB,19,New York,Jets
Wesco,Trevon,,TE,85,New York,Jets
Williams,Leonard,,DE,92,New York,Jets
Williams,Quinnen,,DT,95,New York,Jets
Williamson,Avery,,ILB,54,New York,Jets
Winters,Brian,,OG,67,New York,Jets
Alaka,Otaro,,LB,50,Baltimore,Ravens
Andrews,Mark,,TE,89,Baltimore,Ravens
Averett,Anthony,,CB,34,Baltimore,Ravens
Bethel,Justin,,DB,28,Baltimore,Ravens
Board,Chris,,LB,49,Baltimore,Ravens
Bowser,Tyus,,LB,54,Baltimore,Ravens
Boykin,Miles,,WR,80,Baltimore,Ravens
Boyle,Nick,,TE,86,Baltimore,Ravens
Bozeman,Bradley,,C,77,Baltimore,Ravens
Brown,Marquise,,WR,15,Baltimore,Ravens
Brown,Orlando,,OT,78,Baltimore,Ravens
Carr,Brandon,,CB,24,Baltimore,Ravens
Clark,Chuck,,DB,36,Baltimore,Ravens
Cox,Morgan,,LS,46,Baltimore,Ravens
Crecelius,Randin,,OG,60,Baltimore,Ravens
Edwards,Gus,,RB,35,Baltimore,Ravens
Elliott,DeShon,,DB,32,Baltimore,Ravens
Ferguson,Jaylon,,LB,45,Baltimore,Ravens
Griffin III,Robert,,QB,3,Baltimore,Ravens
Hill,Justice,,RB,43,Baltimore,Ravens
Humphrey,Marlon,,CB,44,Baltimore,Ravens
Hurst,Hayden,,TE,81,Baltimore,Ravens
Hurst,James,,OT,74,Baltimore,Ravens
Ingram,Mark,,RB,21,Baltimore,Ravens
Jackson,Lamar,,QB,8,Baltimore,Ravens
Jefferson,Tony,,SS,23,Baltimore,Ravens
Jones,Cyrus,,CB,27,Baltimore,Ravens
Judon,Matt,,OLB,99,Baltimore,Ravens
Koch,Sam,,P,4,Baltimore,Ravens
Levine,Anthony,,DB,41,Baltimore,Ravens
Mack,Daylon,,DT,94,Baltimore,Ravens
Marshall,Iman,,CB,37,Baltimore,Ravens
McPhee,Pernell,,LB,90,Baltimore,Ravens
McSorley,Trace,,QB,7,Baltimore,Ravens
Mekari,Patrick,,OG,65,Baltimore,Ravens
Moore,Chris,,WR,10,Baltimore,Ravens
Onwuasor,Patrick,,ILB,48,Baltimore,Ravens
Pierce,Michael,,DT,97,Baltimore,Ravens
Powers,Ben,,OG,72,Baltimore,Ravens
Ricard,Patrick,,FB,42,Baltimore,Ravens
Roberts,Seth,,WR,11,Baltimore,Ravens
Scott,Jaleel,,WR,12,Baltimore,Ravens
Senat,Greg,,OT,64,Baltimore,Ravens
Skura,Matt,,C,68,Baltimore,Ravens
Smith,Jimmy,,CB,22,Baltimore,Ravens
Smithson,Fish,,DB,46,Baltimore,Ravens
Snead,Willie,,WR,83,Baltimore,Ravens
Stanley,Ronnie,,OT,79,Baltimore,Ravens
Thomas,Earl,,FS,29,Baltimore,Ravens
Trawick,Brynden,,DB,31,Baltimore,Ravens
Tucker,Justin,,K,9,Baltimore,Ravens
Williams,Brandon,,DE,98,Baltimore,Ravens
Williams,Tim,,LB,56,Baltimore,Ravens
Wormley,Chris,,NT,93,Baltimore,Ravens
Yanda,Marshal,,OG,73,Baltimore,Ravens
Young,Kenny,,ILB,40,Baltimore,Ravens
Young,Tavon,,CB,25,Baltimore,Ravens
Anderson,Rodney,,RB,33,Cincinnati,Bengals
Atkins,Geno,,DT,97,Cincinnati,Bengals
Bates,Jessie,,FS,30,Cincinnati,Bengals
Bernard,Giovani,,RB,25,Cincinnati,Bengals
Billings,Andrew,,DT,99,Cincinnati,Bengals
Boyd,Tyler,,WR,83,Cincinnati,Bengals
Brown,Andrew,,DT,93,Cincinnati,Bengals
Brown,Preston,,MLB,52,Cincinnati,Bengals
Bullock,Randy,,K,4,Cincinnati,Bengals
Carter,Cethan,,TE,82,Cincinnati,Bengals
Cooper,Pharoh,,WR,16,Cincinnati,Bengals
Dalton,Andy,,QB,14,Cincinnati,Bengals
Dennard,Darqueze,,DB,21,Cincinnati,Bengals
Dolegala,Jake,,QB,7,Cincinnati,Bengals
Driskel,Jeff,,QB,6,Cincinnati,Bengals
Dugas,O'Shea,,OG,70,Cincinnati,Bengals
Dunlap,Carlos,,DE,96,Cincinnati,Bengals
Eifert,Tyler,,TE,85,Cincinnati,Bengals
Erickson,Alex,,WR,12,Cincinnati,Bengals
Evans,Jordan,,OLB,50,Cincinnati,Bengals
Fejedelem,Clayton,,DB,42,Cincinnati,Bengals
Finley,Ryan,,QB,5,Cincinnati,Bengals
Glasgow,Ryan,,DT,98,Cincinnati,Bengals
Glenn,Cordy,,OT,77,Cincinnati,Bengals
Green,A.J.,,WR,18,Cincinnati,Bengals
Harris,Clark,,LS,46,Cincinnati,Bengals
Hart,Bobby,,OT,68,Cincinnati,Bengals
Hopkins,Trey,,C,66,Cincinnati,Bengals
Hubbard,Sam,,DE,94,Cincinnati,Bengals
Huber,Kevin,,P,10,Cincinnati,Bengals
Jackson,William,,CB,22,Cincinnati,Bengals
Jerry,John,,OG,64,Cincinnati,Bengals
Jordan,Mike,,OG,60,Cincinnati,Bengals
Kirkpatrick,Dre,,CB,27,Cincinnati,Bengals
Lawson,Carl,,DE,58,Cincinnati,Bengals
McRae,Tony,,CB,29,Cincinnati,Bengals
Miller,John,,OG,67,Cincinnati,Bengals
Mixon,Joe,,RB,28,Cincinnati,Bengals
Perine,Samaje,,RB,34,Cincinnati,Bengals
Phillips,Darius,,CB,24,Cincinnati,Bengals
Pratt,Germaine,,LB,57,Cincinnati,Bengals
Price,Billy,,C,53,Cincinnati,Bengals
Redmond,Alex,,OG,62,Cincinnati,Bengals
Reynolds,LaRoy,,LB,null,Cincinnati,Bengals
Ross,John,,WR,11,Cincinnati,Bengals
Sample,Drew,,TE,89,Cincinnati,Bengals
Scott,Niles,,NT,69,Cincinnati,Bengals
Smith,Andre,,OT,71,Cincinnati,Bengals
Tate,Auden,,WR,19,Cincinnati,Bengals
Tupou,Josh,,DT,91,Cincinnati,Bengals
Uzomah,C.J.,,TE,87,Cincinnati,Bengals
Vigil,Nick,,OLB,59,Cincinnati,Bengals
Webb,B.W.,,CB,23,Cincinnati,Bengals
Williams,Jonah,,OT,73,Cincinnati,Bengals
Williams,Shawn,,SS,36,Cincinnati,Bengals
Williams,Trayveon,,RB,32,Cincinnati,Bengals
Willis,Damion,,WR,15,Cincinnati,Bengals
Wilson,Brandon,,DB,40,Cincinnati,Bengals
Wren,Renell,,DT,95,Cincinnati,Bengals
Wynn,Kerry,,DE,72,Cincinnati,Bengals
Avery,Genard,,OLB,55,Cleveland,Browns
Beckham,Odell,,WR,13,Cleveland,Browns
Bitonio,Joel,,OG,75,Cleveland,Browns
Brown,Pharaoh,,TE,86,Cleveland,Browns
Burnett,Morgan,,SS,42,Cleveland,Browns
Callaway,Antonio,,WR,11,Cleveland,Browns
Carrie,T.J.,,DB,38,Cleveland,Browns
Chubb,Nick,,RB,24,Cleveland,Browns
Corbett,Austin,,OG,63,Cleveland,Browns
Ekuale,Daniel,,DT,96,Cleveland,Browns
Falemaka,Lo,,C,null,Cleveland,Browns
Forbes,Drew,,OT,79,Cleveland,Browns
Garrett,Myles,,DE,95,Cleveland,Browns
Gilbert,Garrett,,QB,3,Cleveland,Browns
Gillan,Jamie,,P,7,Cleveland,Browns
Harris,Demetrius,,TE,88,Cleveland,Browns
Higgins,Rashard,,WR,81,Cleveland,Browns
Hilliard,Dontrell,,RB,25,Cleveland,Browns
Hodge,KhaDarel,,WR,12,Cleveland,Browns
Hubbard,Chris,,OT,74,Cleveland,Browns
Hughlett,Charley,,LS,47,Cleveland,Browns
Hunt,Kareem,,RB,27,Cleveland,Browns
Jefferson,Malik,,LB,40,Cleveland,Browns
Johnson,D'Ernest,,RB,30,Cleveland,Browns
Kalis,Kyle,,C,68,Cleveland,Browns
Kerridge,Joe,,FB,40,Cleveland,Browns
Kirksey,Christian,,OLB,58,Cleveland,Browns
Kush,Eric,,OG,72,Cleveland,Browns
Lamm,Kendall,,OT,70,Cleveland,Browns
Landry,Jarvis,,WR,80,Cleveland,Browns
Lawrence,Devaroe,,DT,99,Cleveland,Browns
Mayfield,Baker,,QB,6,Cleveland,Browns
McCray,Justin,,OG,67,Cleveland,Browns
Mitchell,Terrance,,CB,39,Cleveland,Browns
Montgomery,D.J.,,WR,83,Cleveland,Browns
Murray,Eric,,SS,22,Cleveland,Browns
Njoku,David,,TE,85,Cleveland,Browns
Ogunjobi,Larry,,DT,65,Cleveland,Browns
Randall,Damarious,,SS,23,Cleveland,Browns
Ratley,Damion,,WR,18,Cleveland,Browns
Redwine,Sheldrick,,DB,29,Cleveland,Browns
Richardson,Sheldon,,DT,98,Cleveland,Browns
Robinson,Greg,,OT,78,Cleveland,Browns
Schobert,Joe,,MLB,53,Cleveland,Browns
Seals-Jones,Ricky,,TE,83,Cleveland,Browns
Seibert,Austin,,K,4,Cleveland,Browns
Smith,Chris,,DE,50,Cleveland,Browns
Stanton,Drew,,QB,5,Cleveland,Browns
Takitaki,Sione,,LB,44,Cleveland,Browns
Taylor,Adarius,,OLB,57,Cleveland,Browns
Taylor,Taywan,,WR,10,Cleveland,Browns
Teller,Wyatt,,OG,77,Cleveland,Browns
Thomas,Chad,,DE,92,Cleveland,Browns
Thomas,Tavierre,,CB,20,Cleveland,Browns
Tretter,JC,,C,64,Cleveland,Browns
Vernon,Olivier,,DE,54,Cleveland,Browns
Ward,Denzel,,CB,21,Cleveland,Browns
Whitehead,Jermaine,,DB,35,Cleveland,Browns
Williams,Greedy,,CB,26,Cleveland,Browns
Wilson,Mack,,LB,51,Cleveland,Browns
Adeniyi,Ola,,LB,92,Pittsburgh,Steelers
Alualu,Tyson,,DE,94,Pittsburgh,Steelers
Banner,Zach,,OT,72,Pittsburgh,Steelers
Barron,Mark,,ILB,26,Pittsburgh,Steelers
Berry,Jordan,,P,4,Pittsburgh,Steelers
Boswell,Chris,,K,9,Pittsburgh,Steelers
Buggs,Isaiah,,DT,96,Pittsburgh,Steelers
Burns,Artie,,CB,25,Pittsburgh,Steelers
Bush,Devin,,LB,55,Pittsburgh,Steelers
Canaday,Kameron,,LS,57,Pittsburgh,Steelers
Chickillo,Anthony,,LB,56,Pittsburgh,Steelers
Conner,James,,RB,30,Pittsburgh,Steelers
Dangerfield,Jordan,,DB,37,Pittsburgh,Steelers
Davis,Sean,,FS,21,Pittsburgh,Steelers
DeCastro,David,,OG,66,Pittsburgh,Steelers
Dupree,Bud,,OLB,48,Pittsburgh,Steelers
Edmunds,Terrell,,SS,34,Pittsburgh,Steelers
Elliott,Jay,,LB,null,Pittsburgh,Steelers
Feiler,Matt,,OT,71,Pittsburgh,Steelers
Finney,B.J.,,OG,67,Pittsburgh,Steelers
Foster,Ramon,,OG,73,Pittsburgh,Steelers
Gentry,Zach,,TE,81,Pittsburgh,Steelers
Gilbert,Ulysees,,LB,54,Pittsburgh,Steelers
Grimble,Xavier,,TE,85,Pittsburgh,Steelers
Haden,Joe,,CB,23,Pittsburgh,Steelers
Hargrave,Javon,,NT,79,Pittsburgh,Steelers
Heyward,Cameron,,DE,97,Pittsburgh,Steelers
Hilton,Mike,,CB,28,Pittsburgh,Steelers
Holton,Johnny,,WR,80,Pittsburgh,Steelers
Hooks,Lavon,,DE,95,Pittsburgh,Steelers
Johnson,Diontae,,WR,18,Pittsburgh,Steelers
Johnson,Fred,,OG,74,Pittsburgh,Steelers
Kelly,Kam,,DB,29,Pittsburgh,Steelers
Layne,Justin,,CB,31,Pittsburgh,Steelers
Matakevich,Tyler,,ILB,44,Pittsburgh,Steelers
McCullers-Sanders,Dan,,DT,93,Pittsburgh,Steelers
McDonald,Vance,,TE,89,Pittsburgh,Steelers
Moncrief,Donte,,WR,11,Pittsburgh,Steelers
Nelson,Steven,,CB,22,Pittsburgh,Steelers
Nix-Jones,Roosevelt,,FB,45,Pittsburgh,Steelers
Okorafor,Chukwuma,,OT,76,Pittsburgh,Steelers
Pouncey,Maurkice,,C,53,Pittsburgh,Steelers
Roethlisberger,Ben,,QB,7,Pittsburgh,Steelers
Rudolph,Mason,,QB,2,Pittsburgh,Steelers
Samuels,Jaylen,,RB,38,Pittsburgh,Steelers
Shazier,Ryan,,LB,50,Pittsburgh,Steelers
Smith-Schuster,JuJu,,WR,19,Pittsburgh,Steelers
Snell,Benny,,RB,24,Pittsburgh,Steelers
Sutton,Cameron,,CB,20,Pittsburgh,Steelers
Switzer,Ryan,,WR,10,Pittsburgh,Steelers
Tuitt,Stephon,,DE,91,Pittsburgh,Steelers
Villanueva,Alejandro,,OT,78,Pittsburgh,Steelers
Washington,James,,WR,13,Pittsburgh,Steelers
Watt,T.J.,,OLB,90,Pittsburgh,Steelers
Williams,Vince,,ILB,98,Pittsburgh,Steelers
Adams,Jerell,,TE,89,Houston,Texans
Addae,Jahleel,,SS,37,Houston,Texans
Akins,Jordan,,TE,88,Houston,Texans
Blackson,Angelo,,DE,97,Houston,Texans
Carter,DeAndre,,WR,14,Houston,Texans
Cole,Dylan,,LB,51,Houston,Texans
Colvin,Aaron,,CB,22,Houston,Texans
Coutee,Keke,,WR,16,Houston,Texans
Crawford,Xavier,,DB,28,Houston,Texans
Crossen,Keion,,DB,35,Houston,Texans
Cunningham,Zach,,ILB,41,Houston,Texans
Daniel,Trevor,,P,8,Houston,Texans
Dunn,Brandon,,NT,92,Houston,Texans
Ejiofor,Duke,,LB,53,Houston,Texans
Fairbairn,Ka'imi,,K,7,Houston,Texans
Fells,Darren,,TE,87,Houston,Texans
Fuller,Will,,WR,15,Houston,Texans
Fulton,Zach,,OG,73,Houston,Texans
Gillaspia,Cullen,,RB,44,Houston,Texans
Gipson,Tashaun,,FS,39,Houston,Texans
Henderson,Seantrel,,OT,76,Houston,Texans
Hopkins,DeAndre,,WR,10,Houston,Texans
Howard,Tytus,,OT,71,Houston,Texans
Howell,Buddy,,RB,38,Houston,Texans
Hyde,Carlos,,RB,23,Houston,Texans
Johnson,Lonnie,,CB,32,Houston,Texans
Johnson,Duke,,RB,25,Houston,Texans
Johnson,Roderick,,OT,63,Houston,Texans
Jones,Taiwan,,RB,34,Houston,Texans
Joseph,Johnathan,,CB,24,Houston,Texans
Kalambayi,Peter,,LB,58,Houston,Texans
Kelemete,Senio,,OG,64,Houston,Texans
Landrum,Chris,,LB,42,Houston,Texans
Mancz,Greg,,OG,65,Houston,Texans
Martin,Jake,,LB,54,Houston,Texans
Martin,Nick,,C,66,Houston,Texans
McCarron,AJ,,QB,2,Houston,Texans
McGough,Alex,,QB,null,Houston,Texans
McKinney,Benardrick,,ILB,55,Houston,Texans
Mercilus,Whitney,,OLB,59,Houston,Texans
Miller,Lamar,,RB,26,Houston,Texans
Mingo,Barkevious,,OLB,52,Houston,Texans
Moore,A.J.,,DB,33,Houston,Texans
Omenihu,Charles,,DE,94,Houston,Texans
Paulsen,Logan,,TE,82,Houston,Texans
Reader,D.J.,,DE,98,Houston,Texans
Reid,Justin,,SS,20,Houston,Texans
Roby,Bradley,,CB,21,Houston,Texans
Savage-Lewis,Ira,,DT,96,Houston,Texans
Scarlett,Brennan,,OLB,57,Houston,Texans
Scharping,Max,,OT,74,Houston,Texans
Steinmetz,David,,OT,79,Houston,Texans
Stills,Kenny,,WR,12,Houston,Texans
Thomas,Jordan,,TE,83,Houston,Texans
Tunsil,Laremy,,OT,78,Houston,Texans
Warring,Kahale,,TE,81,Houston,Texans
Watkins,Carlos,,DE,91,Houston,Texans
Watson,Deshaun,,QB,4,Houston,Texans
Watt,J.J.,,DE,99,Houston,Texans
Webb,Joe,,QB,5,Houston,Texans
Weeks,Jon,,LS,46,Houston,Texans
Whitney,Isaac,,WR,19,Houston,Texans
Woodson-Luster,Xavier,,LB,56,Houston,Texans
Adams,Matthew,,OLB,49,Indianapolis,Colts
Alie-Cox,Mo,,TE,81,Indianapolis,Colts
Andrews,Josh,,C,63,Indianapolis,Colts
Autry,Denico,,DT,96,Indianapolis,Colts
Banogu,Ben,,DE,52,Indianapolis,Colts
Brissett,Jacoby,,QB,7,Indianapolis,Colts
Brown,Billy,,TE,48,Indianapolis,Colts
Cain,Deon,,WR,11,Indianapolis,Colts
Campbell,Parris,,WR,15,Indianapolis,Colts
Castonzo,Anthony,,OT,74,Indianapolis,Colts
Clark,Le'Raven,,OT,62,Indianapolis,Colts
Desir,Pierre,,CB,35,Indianapolis,Colts
Doyle,Jack,,TE,84,Indianapolis,Colts
Ebron,Eric,,TE,85,Indianapolis,Colts
Fountain,Daurice,,WR,10,Indianapolis,Colts
Franklin,Zaire,,OLB,44,Indianapolis,Colts
Funchess,Devin,,WR,17,Indianapolis,Colts
Geathers,Clayton,,SS,26,Indianapolis,Colts
Glowinski,Mark,,OG,64,Indianapolis,Colts
Haeg,Joe,,OT,73,Indianapolis,Colts
Hentges,Hale,,TE,86,Indianapolis,Colts
Hilton,T.Y.,,WR,13,Indianapolis,Colts
Hines,Nyheim,,RB,21,Indianapolis,Colts
Hooker,Malik,,FS,29,Indianapolis,Colts
Houston,Justin,,DE,99,Indianapolis,Colts
Hoyer,Brian,,QB,2,Indianapolis,Colts
Hunt,Margus,,DE,92,Indianapolis,Colts
Ishmael,Steve,,WR,3,Indianapolis,Colts
Jegede,Iseoluwapo,,DT,79,Indianapolis,Colts
Johnson,Isaiah,,DB,38,Indianapolis,Colts
Kelly,Chad,,QB,6,Indianapolis,Colts
Kelly,Ryan,,C,78,Indianapolis,Colts
Leonard,Darius,,OLB,53,Indianapolis,Colts
Lewis,Tyquan,,DE,94,Indianapolis,Colts
Lewis,Ryan,,CB,38,Indianapolis,Colts
Mack,Marlon,,RB,25,Indianapolis,Colts
Moore,Kenny,,CB,23,Indianapolis,Colts
Muhammad,Al-Quadin,,DT,97,Indianapolis,Colts
Nacua,Kai,,DB,48,Indianapolis,Colts
Nelson,Quenton,,OG,56,Indianapolis,Colts
Odum,George,,DB,30,Indianapolis,Colts
Okereke,Bobby,,ILB,58,Indianapolis,Colts
Pascal,Zach,,WR,14,Indianapolis,Colts
Patterson,Javon,,C,65,Indianapolis,Colts
Rhodes,Luke,,LS,46,Indianapolis,Colts
Rogers,Chester,,WR,80,Indianapolis,Colts
Sanchez,Rigoberto,,P,8,Indianapolis,Colts
Sheard,Jabaal,,DE,93,Indianapolis,Colts
Smith,Braden,,OG,72,Indianapolis,Colts
Speed,E.J.,,LB,45,Indianapolis,Colts
Stewart,Grover,,DT,90,Indianapolis,Colts
Tell,Marvell,,CB,39,Indianapolis,Colts
Thomas,Ahmad,,LB,54,Indianapolis,Colts
Turay,Kemoko,,DE,57,Indianapolis,Colts
Vinatieri,Adam,,K,4,Indianapolis,Colts
Walker,Anthony,,MLB,50,Indianapolis,Colts
Ward,Jihad,,DE,51,Indianapolis,Colts
Ware,Spencer,,RB,40,Indianapolis,Colts
Wilkins,Jordan,,RB,20,Indianapolis,Colts
Williams,Jonathan,,RB,33,Indianapolis,Colts
Willis,Khari,,SAF,37,Indianapolis,Colts
Wilson,Quincy,,CB,31,Indianapolis,Colts
Ya-Sin,Rock,,CB,34,Indianapolis,Colts
Alexander,D.J.,,LB,57,Jacksonville,Jaguars
Allen,Josh,,DE,41,Jacksonville,Jaguars
Armstead,Ryquell,,RB,23,Jacksonville,Jaguars
Blackmon,Justin,,WR,14,Jacksonville,Jaguars
Blue,Alfred,,RB,23,Jacksonville,Jaguars
Board,C.J.,,WR,16,Jacksonville,Jaguars
Borders,Breon,,CB,31,Jacksonville,Jaguars
Bouye,A.J.,,CB,21,Jacksonville,Jaguars
Brown,Cody,,DB,null,Jacksonville,Jaguars
Bryan,Taven,,DT,90,Jacksonville,Jaguars
Calitro,Austin,,OLB,58,Jacksonville,Jaguars
Campbell,Calais,,DE,93,Jacksonville,Jaguars
Cann,A.J.,,OG,60,Jacksonville,Jaguars
Chark,D.J.,,WR,17,Jacksonville,Jaguars
Cole,Keelan,,WR,84,Jacksonville,Jaguars
Conley,Chris,,WR,18,Jacksonville,Jaguars
Cooke,Logan,,P,9,Jacksonville,Jaguars
Dareus,Marcell,,DT,99,Jacksonville,Jaguars
Davis,Cody,,DB,22,Jacksonville,Jaguars
DeValve,Seth,,TE,88,Jacksonville,Jaguars
Dobbs,Joshua,,QB,null,Jacksonville,Jaguars
Ervin,Tyler,,RB,24,Jacksonville,Jaguars
Foles,Nick,,QB,7,Jacksonville,Jaguars
Fournette,Leonard,,RB,27,Jacksonville,Jaguars
Goode,Najee,,LB,52,Jacksonville,Jaguars
Greene,Donnell,,OT,73,Jacksonville,Jaguars
Harrison,Ronnie,,DB,36,Jacksonville,Jaguars
Hayden,D.J.,,DB,25,Jacksonville,Jaguars
Herndon,Tre,,CB,37,Jacksonville,Jaguars
Ijalana,Ben,,OT,66,Jacksonville,Jaguars
Jack,Myles,,MLB,44,Jacksonville,Jaguars
Jacobs,Leon,,OLB,48,Jacksonville,Jaguars
Jones,Abry,,DT,95,Jacksonville,Jaguars
Lambo,Josh,,K,4,Jacksonville,Jaguars
Lee,Marqise,,WR,11,Jacksonville,Jaguars
Linder,Brandon,,C,65,Jacksonville,Jaguars
Mays,Devante,,RB,33,Jacksonville,Jaguars
McCray,Lerentee,,DE,55,Jacksonville,Jaguars
McDermott,KC,,OT,62,Jacksonville,Jaguars
McGowan,Taj,,RB,33,Jacksonville,Jaguars
Minshew,Gardner,,QB,15,Jacksonville,Jaguars
Ngakoue,Yannick,,DE,91,Jacksonville,Jaguars
Norwell,Andrew,,OG,68,Jacksonville,Jaguars
O'Shaughnessy,James,,TE,80,Jacksonville,Jaguars
Ogbuehi,Cedric,,OT,77,Jacksonville,Jaguars
Oliver,Josh,,TE,89,Jacksonville,Jaguars
Onwualu,James,,LB,58,Jacksonville,Jaguars
Orzech,Matthew,,LS,46,Jacksonville,Jaguars
Ozigbo,Devine,,RB,33,Jacksonville,Jaguars
Ramsey,Jalen,,CB,20,Jacksonville,Jaguars
Richardson,Will,,OT,76,Jacksonville,Jaguars
Robinson,Cam,,OT,74,Jacksonville,Jaguars
Robinson,Josh,,DB,29,Jacksonville,Jaguars
Russell,Dontavius,,DT,98,Jacksonville,Jaguars
Shatley,Tyler,,C,69,Jacksonville,Jaguars
Simms,Marcus,,WR,81,Jacksonville,Jaguars
Smoot,Dawuane,,DE,94,Jacksonville,Jaguars
Swaim,Geoff,,TE,87,Jacksonville,Jaguars
Taylor,Jawaan,,OT,75,Jacksonville,Jaguars
Thomas,Brandon,,OG,70,Jacksonville,Jaguars
Westbrook,Dede,,WR,12,Jacksonville,Jaguars
Williams,Quincy,,LB,56,Jacksonville,Jaguars
Wilson,Jarrod,,DB,26,Jacksonville,Jaguars
Wingard,Andrew,,DB,42,Jacksonville,Jaguars
Bates,Daren,,LB,53,Tennessee,Titans
Batson,Cameron,,WR,12,Tennessee,Titans
Brinkley,Beau,,LS,48,Tennessee,Titans
Brown,A.J.,,WR,11,Tennessee,Titans
Brown,Jayon,,ILB,55,Tennessee,Titans
Butler,Malcolm,,CB,21,Tennessee,Titans
Byard,Kevin,,FS,31,Tennessee,Titans
Casey,Jurrell,,DE,99,Tennessee,Titans
Conklin,Jack,,OT,78,Tennessee,Titans
Correa,Kamalei,,OLB,44,Tennessee,Titans
Cruikshank,Dane,,DB,29,Tennessee,Titans
Davis,Corey,,WR,84,Tennessee,Titans
Davis,Nate,,OG,64,Tennessee,Titans
Dickerson,Matt,,DE,92,Tennessee,Titans
Douglas,Jamil,,OG,75,Tennessee,Titans
Evans,Rashaan,,ILB,54,Tennessee,Titans
Finch,Sharif,,LB,56,Tennessee,Titans
Firkser,Anthony,,TE,86,Tennessee,Titans
Fluellen,David,,RB,32,Tennessee,Titans
Gilbert,Reggie,,LB,93,Tennessee,Titans
Grasu,Hroniss,,C,null,Tennessee,Titans
Henry,Derrick,,RB,22,Tennessee,Titans
Hooker,Amani,,DB,37,Tennessee,Titans
Humphries,Adam,,WR,10,Tennessee,Titans
Jackson,Adoree',,CB,25,Tennessee,Titans
Jennings,Darius,,WR,15,Tennessee,Titans
Johnson,Austin,,NT,94,Tennessee,Titans
Jones,Ben,,C,60,Tennessee,Titans
Jones,DaQuan,,DE,90,Tennessee,Titans
Kalu,Joshua,,DB,46,Tennessee,Titans
Kelly,Dennis,,OT,71,Tennessee,Titans
Kern,Brett,,P,6,Tennessee,Titans
Landry,Harold,,LB,58,Tennessee,Titans
Lewan,Taylor,,OT,77,Tennessee,Titans
Lewis,Dion,,RB,33,Tennessee,Titans
Long,David,,LB,51,Tennessee,Titans
Mack,Isaiah,,DT,97,Tennessee,Titans
Mariota,Marcus,,QB,8,Tennessee,Titans
Milton,Chris,,CB,30,Tennessee,Titans
Pamphile,Kevin,,OG,66,Tennessee,Titans
Pruitt,MyCole,,TE,85,Tennessee,Titans
Quessenberry,David,,OT,72,Tennessee,Titans
Ryan,Logan,,CB,26,Tennessee,Titans
Saffold,Rodger,,OG,76,Tennessee,Titans
Santos,Cairo,,K,7,Tennessee,Titans
Sharpe,Tajae,,WR,19,Tennessee,Titans
Sims,LeShaun,,CB,36,Tennessee,Titans
Smith,Jonnu,,TE,81,Tennessee,Titans
Smith,Tye,,CB,23,Tennessee,Titans
Stinnie,Aaron,,OG,61,Tennessee,Titans
Succop,Ryan,,K,4,Tennessee,Titans
Tannehill,Ryan,,QB,17,Tennessee,Titans
Urban,Brent,,DE,96,Tennessee,Titans
Vaccaro,Kenny,,SS,24,Tennessee,Titans
Wake,Cameron,,LB,91,Tennessee,Titans
Walker,D'Andre,,OLB,42,Tennessee,Titans
Walker,Delanie,,TE,82,Tennessee,Titans
Williams,Jordan,,LB,40,Tennessee,Titans
Woodyard,Wesley,,ILB,59,Tennessee,Titans
Allen,Brandon,,QB,2,Denver,Broncos
Bausby,DeVante,,CB,41,Denver,Broncos
Beck,Andrew,,FB,83,Denver,Broncos
Bierria,Keishawn,,LB,40,Denver,Broncos
Bolles,Garett,,OT,72,Denver,Broncos
Booker,Devontae,,RB,23,Denver,Broncos
Butt,Jake,,TE,80,Denver,Broncos
Callahan,Bryce,,CB,29,Denver,Broncos
Chubb,Bradley,,OLB,55,Denver,Broncos
Davis,Todd,,ILB,51,Denver,Broncos
Dawson,Duke,,DB,20,Denver,Broncos
Falah,Nico,,C,74,Denver,Broncos
Fant,Noah,,TE,87,Denver,Broncos
Flacco,Joe,,QB,5,Denver,Broncos
Fort,Austin,,TE,89,Denver,Broncos
Freeman,Royce,,RB,28,Denver,Broncos
Fumagalli,Troy,,TE,84,Denver,Broncos
Gotsis,Adam,,DE,99,Denver,Broncos
Hamilton,DaeSean,,WR,17,Denver,Broncos
Harris,Chris,,CB,25,Denver,Broncos
Harris,Davontae,,CB,27,Denver,Broncos
Harris,Shelby,,DT,96,Denver,Broncos
Heuerman,Jeff,,TE,82,Denver,Broncos
Hollins,Justin,,LB,52,Denver,Broncos
Jackson,Kareem,,DB,22,Denver,Broncos
James,Ja'Wuan,,OT,70,Denver,Broncos
Janovich,Andy,,FB,32,Denver,Broncos
Jewell,Josey,,ILB,47,Denver,Broncos
Johnson,A.J.,,LB,45,Denver,Broncos
Jones,Dre'Mont,,DE,93,Denver,Broncos
Jones,Joe,,LB,43,Denver,Broncos
Kreiter,Casey,,LS,42,Denver,Broncos
Leary,Ronald,,OG,65,Denver,Broncos
Levin,Corey,,OG,62,Denver,Broncos
Lindsay,Phillip,,RB,30,Denver,Broncos
Lock,Drew,,QB,3,Denver,Broncos
Marshall,Trey,,DB,36,Denver,Broncos
McGovern,Connor,,OG,60,Denver,Broncos
McManus,Brandon,,K,8,Denver,Broncos
Miller,Von,,OLB,58,Denver,Broncos
Nelson,Corey,,LB,56,Denver,Broncos
Nicolas,Dadi,,LB,50,Denver,Broncos
Parks,Will,,SS,34,Denver,Broncos
Patrick,Tim,,WR,81,Denver,Broncos
Purcell,Mike,,NT,98,Denver,Broncos
Reed,Malik,,LB,59,Denver,Broncos
Richardson,Horace,,CB,27,Denver,Broncos
Riddick,Theo,,RB,25,Denver,Broncos
Risner,Dalton,,OT,66,Denver,Broncos
Sanders,Emmanuel,,WR,10,Denver,Broncos
Schlottmann,Austin,,OG,71,Denver,Broncos
Simmons,Justin,,FS,31,Denver,Broncos
Spencer,Diontae,,WR,11,Denver,Broncos
Sutton,Courtland,,WR,14,Denver,Broncos
Thomas,Dymonte,,DB,35,Denver,Broncos
Wadman,Colby,,P,6,Denver,Broncos
Walker,DeMarcus,,DE,57,Denver,Broncos
Wilkinson,Elijah,,OT,68,Denver,Broncos
Winfree,Juwann,,WR,15,Denver,Broncos
Winn,Billy,,DT,90,Denver,Broncos
Wolfe,Derek,,DE,95,Denver,Broncos
Yiadom,Isaac,,CB,26,Denver,Broncos
Allegretti,Nick,,OG,73,Kansas City,Chiefs
Allen,Jeff,,OG,79,Kansas City,Chiefs
Bell,Blake,,TE,81,Kansas City,Chiefs
Breeland,Bashaud,,DB,21,Kansas City,Chiefs
Butker,Harrison,,K,7,Kansas City,Chiefs
Claiborne,Morris,,CB,20,Kansas City,Chiefs
Clark,Frank,,DE,55,Kansas City,Chiefs
Colquitt,Dustin,,P,2,Kansas City,Chiefs
Davis,Felton,,WR,80,Kansas City,Chiefs
Duvernay-Tardif,Laurent,,OG,76,Kansas City,Chiefs
Erving,Cameron,,OT,75,Kansas City,Chiefs
Fenton,Rashad,,DB,27,Kansas City,Chiefs
Fisher,Eric,,OT,72,Kansas City,Chiefs
Fuller,Kendall,,CB,29,Kansas City,Chiefs
Grayson,Davon,,WR,85,Kansas City,Chiefs
Hardman,Mecole,,WR,17,Kansas City,Chiefs
Henne,Chad,,QB,4,Kansas City,Chiefs
Hill,Tyreek,,WR,10,Kansas City,Chiefs
Hitchens,Anthony,,ILB,53,Kansas City,Chiefs
Hunter,Ryan,,OG,60,Kansas City,Chiefs
Ivie,Joey,,DT,93,Kansas City,Chiefs
Jones,Chris,,DE,95,Kansas City,Chiefs
Kelce,Travis,,TE,87,Kansas City,Chiefs
Kemp,Marcus,,WR,19,Kansas City,Chiefs
Kpassagnon,Tanoh,,DE,92,Kansas City,Chiefs
Lee,Darron,,ILB,50,Kansas City,Chiefs
Lovett,John,,QB,40,Kansas City,Chiefs
Lucas,Jordan,,SS,24,Kansas City,Chiefs
Mahomes,Patrick,,QB,15,Kansas City,Chiefs
Mathieu,Tyrann,,FS,32,Kansas City,Chiefs
McCoy,LeSean,,RB,25,Kansas City,Chiefs
Moore,Matt,,QB,8,Kansas City,Chiefs
Niemann,Ben,,LB,56,Kansas City,Chiefs
Nnadi,Derrick,,NT,91,Kansas City,Chiefs
O'Daniel,Dorian,,LB,44,Kansas City,Chiefs
Ogbah,Emmanuel,,DE,90,Kansas City,Chiefs
Okafor,Alex,,DE,97,Kansas City,Chiefs
Ragland,Reggie,,ILB,59,Kansas City,Chiefs
Rankin,Martinas,,OT,74,Kansas City,Chiefs
Reaser,Keith,,CB,20,Kansas City,Chiefs
Reiter,Austin,,C,62,Kansas City,Chiefs
Robinson,Demarcus,,WR,11,Kansas City,Chiefs
Saunders,Khalen,,DT,99,Kansas City,Chiefs
Schwartz,Mitchell,,OT,71,Kansas City,Chiefs
Sherman,Anthony,,RB,42,Kansas City,Chiefs
Smith,Tremon,,CB,39,Kansas City,Chiefs
Sorensen,Daniel,,DB,49,Kansas City,Chiefs
Speaks,Breeland,,OLB,57,Kansas City,Chiefs
Thomas,De'Anthony,,WR,5,Kansas City,Chiefs
Thompson,Darwin,,RB,34,Kansas City,Chiefs
Thornhill,Juan,,CB,22,Kansas City,Chiefs
Ward,Charvarius,,CB,35,Kansas City,Chiefs
Watkins,Sammy,,WR,14,Kansas City,Chiefs
Watts,Armani,,DB,23,Kansas City,Chiefs
Wells,David,,TE,88,Kansas City,Chiefs
Williams,Damien,,RB,26,Kansas City,Chiefs
Williams,Darrel,,RB,31,Kansas City,Chiefs
Williams,Xavier,,NT,98,Kansas City,Chiefs
Wilson,Damien,,OLB,54,Kansas City,Chiefs
Winchester,James,,LS,41,Kansas City,Chiefs
Wylie,Andrew,,OG,77,Kansas City,Chiefs
Yelder,Deon,,TE,82,Kansas City,Chiefs
Adderley,Nasir,,DB,32,Los Angeles,Chargers
Allen,Keenan,,WR,13,Los Angeles,Chargers
Badgley,Mike,,K,4,Los Angeles,Chargers
Benjamin,Travis,,WR,12,Los Angeles,Chargers
Bosa,Joey,,DE,97,Los Angeles,Chargers
Broughton,Cortez,,DT,91,Los Angeles,Chargers
Brown,Jatavis,,OLB,57,Los Angeles,Chargers
Cantrell,Dylan,,WR,84,Los Angeles,Chargers
Culkin,Sean,,TE,80,Los Angeles,Chargers
Davis,Geremy,,WR,11,Los Angeles,Chargers
Davis,Michael,,CB,43,Los Angeles,Chargers
Davis,Thomas,,OLB,58,Los Angeles,Chargers
Dzubnar,Nick,,LB,48,Los Angeles,Chargers
Egbule,Emeke,,LB,51,Los Angeles,Chargers
Ekeler,Austin,,RB,30,Los Angeles,Chargers
Facyson,Brandon,,DB,28,Los Angeles,Chargers
Feeney,Dan,,OG,66,Los Angeles,Chargers
Green,Virgil,,TE,88,Los Angeles,Chargers
Hayward,Casey,,CB,26,Los Angeles,Chargers
Henry,Hunter,,TE,86,Los Angeles,Chargers
Ingram,Melvin,,DE,54,Los Angeles,Chargers
Inman,Dontrelle,,WR,15,Los Angeles,Chargers
Jackson,Justin,,RB,22,Los Angeles,Chargers
James,Derwin,,FS,33,Los Angeles,Chargers
Jenkins,Rayshawn,,DB,23,Los Angeles,Chargers
Johnson,Tre'Von,,LB,50,Los Angeles,Chargers
Jones,Justin,,DT,93,Los Angeles,Chargers
King,Desmond,,DB,20,Los Angeles,Chargers
Lamp,Forrest,,OG,77,Los Angeles,Chargers
Long,Ty,,P,1,Los Angeles,Chargers
Martin,Koda,,OG,null,Los Angeles,Chargers
Mazza,Cole,,LS,45,Los Angeles,Chargers
Mebane,Brandon,,DT,92,Los Angeles,Chargers
Nwosu,Uchenna,,LB,42,Los Angeles,Chargers
Peace,Chris,,LB,40,Los Angeles,Chargers
Perryman,Denzel,,MLB,52,Los Angeles,Chargers
Phillips,Adrian,,DB,31,Los Angeles,Chargers
Pipkins,Trey,,OT,79,Los Angeles,Chargers
Pope,Troymaine,,RB,35,Los Angeles,Chargers
Pouncey,Mike,,C,53,Los Angeles,Chargers
Quessenberry,Scott,,C,61,Los Angeles,Chargers
Rivers,Philip,,QB,17,Los Angeles,Chargers
Rochell,Isaac,,DE,98,Los Angeles,Chargers
Schofield,Michael,,OG,75,Los Angeles,Chargers
Scott,Trent,,OT,78,Los Angeles,Chargers
Square,Damion,,DE,71,Los Angeles,Chargers
Stick,Easton,,QB,2,Los Angeles,Chargers
Taylor,Tyrod,,QB,5,Los Angeles,Chargers
Teamer,Roderic,,DB,36,Los Angeles,Chargers
Tevi,Sam,,OT,69,Los Angeles,Chargers
Tillery,Jerry,,DT,99,Los Angeles,Chargers
Tranquill,Drue,,LB,49,Los Angeles,Chargers
Vollert,Andrew,,TE,87,Los Angeles,Chargers
Watkins,Jaylen,,DB,27,Los Angeles,Chargers
Watt,Derek,,FB,34,Los Angeles,Chargers
White,Kyzir,,OLB,44,Los Angeles,Chargers
Williams,Mike,,WR,81,Los Angeles,Chargers
Williams,Trevor,,CB,24,Los Angeles,Chargers
Abram,Johnathan,,DB,24,Oakland,Raiders
Brown,Trent,,OT,77,Oakland,Raiders
Burfict,Vontaze,,OLB,55,Oakland,Raiders
Carlson,Daniel,,K,8,Oakland,Raiders
Carr,Derek,,QB,4,Oakland,Raiders
Carrier,Derek,,TE,85,Oakland,Raiders
Cole,A.J.,,P,6,Oakland,Raiders
Conley,Gareon,,CB,21,Oakland,Raiders
Cooper,Jonathan,,OG,70,Oakland,Raiders
Crosby,Maxx,,DE,98,Oakland,Raiders
Crowell,Isaiah,,RB,20,Oakland,Raiders
Devey,Jordan,,OG,65,Oakland,Raiders
Dorleant,Makinton,,CB,43,Oakland,Raiders
Doss,Keelan,,WR,89,Oakland,Raiders
Ellis,Justin,,DT,78,Oakland,Raiders
Ferrell,Clelin,,DE,96,Oakland,Raiders
Glennon,Mike,,QB,7,Oakland,Raiders
Good,Denzelle,,OT,71,Oakland,Raiders
Grant,Ryan,,WR,19,Oakland,Raiders
Hall,P.J.,,DT,92,Oakland,Raiders
Hankins,Johnathan,,DT,90,Oakland,Raiders
Harris,Dwayne,,WR,17,Oakland,Raiders
Harris,Erik,,FS,25,Oakland,Raiders
Hudson,Rodney,,C,61,Oakland,Raiders
Hunt,Cameron,,OG,63,Oakland,Raiders
Hurst,Maurice,,DT,73,Oakland,Raiders
Incognito,Richie,,C,64,Oakland,Raiders
Ingold,Alec,,RB,45,Oakland,Raiders
Jackson,Gabe,,OG,66,Oakland,Raiders
Jacobs,Josh,,RB,28,Oakland,Raiders
James,Andre,,OT,68,Oakland,Raiders
Johnson,Isaiah,,CB,31,Oakland,Raiders
Joseph,Karl,,FS,42,Oakland,Raiders
Joyner,Lamarcus,,FS,29,Oakland,Raiders
Key,Arden,,DE,99,Oakland,Raiders
Killings,D.J.,,DB,40,Oakland,Raiders
Kizer,DeShone,,QB,14,Oakland,Raiders
Lawson,Nevin,,CB,26,Oakland,Raiders
Leavitt,Dallin,,DB,32,Oakland,Raiders
Lee,Marquel,,MLB,52,Oakland,Raiders
Liuget,Corey,,DT,94,Oakland,Raiders
Mauro,Josh,,DE,97,Oakland,Raiders
Mayowa,Benson,,DE,91,Oakland,Raiders
Miller,Kolton,,OT,74,Oakland,Raiders
Moreau,Foster,,TE,87,Oakland,Raiders
Morrow,Nicholas,,LB,50,Oakland,Raiders
Mullen,Trayvon,,CB,27,Oakland,Raiders
Nelson,J.J.,,WR,15,Oakland,Raiders
Nixon,Keisean,,DB,22,Oakland,Raiders
Parker,Brandon,,OT,75,Oakland,Raiders
Peterman,Nathan,,QB,3,Oakland,Raiders
Renfrow,Hunter,,WR,13,Oakland,Raiders
Richard,Jalen,,RB,30,Oakland,Raiders
Riley,Curtis,,FS,35,Oakland,Raiders
Sharpe,David,,OT,72,Oakland,Raiders
Sieg,Trent,,LS,47,Oakland,Raiders
Vanderdoes,Eddie,,DT,94,Oakland,Raiders
Waller,Darren,,TE,83,Oakland,Raiders
Washington,DeAndre,,RB,33,Oakland,Raiders
Whitehead,Tahir,,OLB,59,Oakland,Raiders
Wilber,Kyle,,LB,58,Oakland,Raiders
Williams,Tyrell,,WR,16,Oakland,Raiders
Worley,Daryl,,CB,20,Oakland,Raiders
Armstrong,Dorance,,DE,92,Dallas,Cowboys
Austin,Tavon,,WR,10,Dallas,Cowboys
Awuzie,Chidobe,,CB,24,Dallas,Cowboys
Brown,Anthony,,CB,30,Dallas,Cowboys
Brown,Noah,,WR,85,Dallas,Cowboys
Charlton,Taco,,DE,97,Dallas,Cowboys
Cobb,Randall,,WR,18,Dallas,Cowboys
Collins,La'el,,OT,71,Dallas,Cowboys
Collins,Maliek,,DT,96,Dallas,Cowboys
Cooper,Amari,,WR,19,Dallas,Cowboys
Covington,Christian,,DE,95,Dallas,Cowboys
Crawford,Tyrone,,DT,98,Dallas,Cowboys
Elliott,Ezekiel,,RB,21,Dallas,Cowboys
Fleming,Cameron,,OT,75,Dallas,Cowboys
Frazier,Kavon,,FS,35,Dallas,Cowboys
Frederick,Travis,,C,72,Dallas,Cowboys
Gallup,Michael,,WR,13,Dallas,Cowboys
Gifford,Luke,,LB,57,Dallas,Cowboys
Goodwin,C.J.,,DB,29,Dallas,Cowboys
Gregory,Randy,,DE,94,Dallas,Cowboys
Heath,Jeff,,SS,38,Dallas,Cowboys
Hill,Trysten,,DT,79,Dallas,Cowboys
Hyder,Kerry,,DE,51,Dallas,Cowboys
Jackson,Joe,,DE,56,Dallas,Cowboys
Jarwin,Blake,,TE,89,Dallas,Cowboys
Jelks,Jalen,,DE,74,Dallas,Cowboys
Johnson,Jon'Vea,,WR,81,Dallas,Cowboys
Jones,Byron,,CB,31,Dallas,Cowboys
Jones,Chris,,P,6,Dallas,Cowboys
Knight,Brandon,,OT,69,Dallas,Cowboys
LaDouceur,L.P.,,LS,91,Dallas,Cowboys
Lawrence,Demarcus,,DE,90,Dallas,Cowboys
Lee,Sean,,OLB,50,Dallas,Cowboys
Lenoir,Lance,,WR,14,Dallas,Cowboys
Lewis,Jourdan,,CB,27,Dallas,Cowboys
Looney,Joe,,C,73,Dallas,Cowboys
Maher,Brett,,K,2,Dallas,Cowboys
March-Lillard,Justin,,LB,53,Dallas,Cowboys
Martin,Zack,,OG,70,Dallas,Cowboys
McGovern,Connor,,OG,66,Dallas,Cowboys
Olawale,Jamize,,RB,49,Dallas,Cowboys
Pollard,Tony,,RB,20,Dallas,Cowboys
Prescott,Dak,,QB,4,Dallas,Cowboys
Puni,Derrick,,OT,60,Dallas,Cowboys
Quinn,Robert,,DE,58,Dallas,Cowboys
Redmond,Adam,,C,61,Dallas,Cowboys
Ross,Daniel,,DT,93,Dallas,Cowboys
Rush,Cooper,,QB,7,Dallas,Cowboys
Schultz,Dalton,,TE,86,Dallas,Cowboys
Smith,Devin,,WR,15,Dallas,Cowboys
Smith,Jaylon,,MLB,54,Dallas,Cowboys
Smith,Tyron,,OT,77,Dallas,Cowboys
Su'a-Filo,Xavier,,OG,76,Dallas,Cowboys
Thomas,Joe,,LB,48,Dallas,Cowboys
Thompson,Darian,,DB,23,Dallas,Cowboys
Vander Esch,Leighton,,OLB,55,Dallas,Cowboys
Westry,Chris,,CB,39,Dallas,Cowboys
Wichmann,Cody,,OG,78,Dallas,Cowboys
Williams,Connor,,OG,52,Dallas,Cowboys
Wilson,Donovan,,DB,37,Dallas,Cowboys
Witten,Jason,,TE,82,Dallas,Cowboys
Woods,Antwaun,,DT,99,Dallas,Cowboys
Woods,Xavier,,FS,25,Dallas,Cowboys
Adams,Keion,,LB,39,New York,Giants
Asafo-Adjei,George,,OT,78,New York,Giants
Baker,Deandre,,CB,27,New York,Giants
Ballentine,Corey,,DB,25,New York,Giants
Barkley,Saquon,,RB,26,New York,Giants
Beal,Sam,,DB,23,New York,Giants
Bethea,Antoine,,FS,41,New York,Giants
Carter,Lorenzo,,LB,59,New York,Giants
Chandler,Sean,,DB,36,New York,Giants
Coleman,Corey,,WR,19,New York,Giants
Connelly,Ryan,,ILB,57,New York,Giants
Core,Cody,,WR,17,New York,Giants
Davis,Tae,,LB,58,New York,Giants
DeOssie,Zak,,LS,51,New York,Giants
Dickerson,Garrett,,TE,89,New York,Giants
Dixon,Riley,,P,9,New York,Giants
Ellison,Rhett,,TE,85,New York,Giants
Engram,Evan,,TE,88,New York,Giants
Etta-Tawo,Amba,,WR,6,New York,Giants
Fowler,Bennie,,WR,18,New York,Giants
Gallman,Wayne,,RB,22,New York,Giants
Gates,Nick,,OG,65,New York,Giants
Golden,Markus,,LB,44,New York,Giants
Halapio,Jon,,C,75,New York,Giants
Haley,Grant,,DB,34,New York,Giants
Hamilton,Antonio,,CB,30,New York,Giants
Harvey,Nate,,DE,null,New York,Giants
Hernandez,Will,,OG,71,New York,Giants
Hill,B.J.,,DE,95,New York,Giants
Jenkins,Janoris,,CB,20,New York,Giants
Jones,Daniel,,QB,8,New York,Giants
Latimer,Cody,,WR,12,New York,Giants
Lawrence,Dexter,,DT,97,New York,Giants
Love,Julian,,CB,24,New York,Giants
Manning,Eli,,QB,10,New York,Giants
Martin,Kareem,,OLB,96,New York,Giants
Mayo,David,,OLB,55,New York,Giants
McIntosh,R.J.,,DT,90,New York,Giants
McLaurin,Mark,,LB,46,New York,Giants
Ogletree,Alec,,OLB,47,New York,Giants
Penny,Elijhaa,,RB,39,New York,Giants
Peppers,Jabrill,,FS,21,New York,Giants
Perkins,Paul,,RB,28,New York,Giants
Pierre,Olsen,,DT,72,New York,Giants
Pulley,Spencer,,C,77,New York,Giants
Remmers,Mike,,OG,74,New York,Giants
Rosas,Aldrick,,K,2,New York,Giants
Searight,Isaiah,,TE,45,New York,Giants
Shepard,Russell,,WR,81,New York,Giants
Shepard,Sterling,,WR,87,New York,Giants
Skipper,Tuzar,,LB,null,New York,Giants
Slade,Chad,,OG,62,New York,Giants
Slayton,Darius,,WR,86,New York,Giants
Smith,Eric,,OT,79,New York,Giants
Solder,Nate,,OT,76,New York,Giants
Tanney,Alex,,QB,3,New York,Giants
Tate,Golden,,WR,15,New York,Giants
Thomas,Michael,,DB,31,New York,Giants
Tomlinson,Dalvin,,DE,94,New York,Giants
Tomlinson,Eric,,TE,83,New York,Giants
Wesley,Alex,,WR,80,New York,Giants
Ximines,Oshane,,LB,53,New York,Giants
Zeitler,Kevin,,OG,70,New York,Giants
Agholor,Nelson,,WR,13,Philadelphia,Eagles
Arcega-Whiteside,J.J.,,WR,19,Philadelphia,Eagles
Barnett,Derek,,DE,96,Philadelphia,Eagles
Bradham,Nigel,,OLB,53,Philadelphia,Eagles
Brooks,Brandon,,OG,79,Philadelphia,Eagles
Brown,Zach,,ILB,52,Philadelphia,Eagles
Clement,Corey,,RB,30,Philadelphia,Eagles
Cox,Fletcher,,DT,91,Philadelphia,Eagles
Curry,Vinny,,DE,75,Philadelphia,Eagles
Cyprien,Johnathan,,DB,37,Philadelphia,Eagles
Darby,Ronald,,CB,21,Philadelphia,Eagles
Dillard,Andre,,OT,77,Philadelphia,Eagles
Douglas,Rasul,,CB,32,Philadelphia,Eagles
Edwards,T.J.,,LB,57,Philadelphia,Eagles
Elliott,Jake,,K,4,Philadelphia,Eagles
Ertz,Zach,,TE,86,Philadelphia,Eagles
Ford,Rudy,,DB,36,Philadelphia,Eagles
Fort,L.J.,,LB,58,Philadelphia,Eagles
Gerry,Nate,,LB,47,Philadelphia,Eagles
Goedert,Dallas,,TE,88,Philadelphia,Eagles
Graham,Brandon,,DE,55,Philadelphia,Eagles
Grugier-Hill,Kamu,,OLB,54,Philadelphia,Eagles
Hall,Daeshon,,DE,74,Philadelphia,Eagles
Herbig,Nate,,OG,67,Philadelphia,Eagles
Hollins,Mack,,WR,16,Philadelphia,Eagles
Howard,Jordan,,RB,24,Philadelphia,Eagles
Jackson,DeSean,,WR,10,Philadelphia,Eagles
Jackson,Malik,,DT,97,Philadelphia,Eagles
Jeffery,Alshon,,WR,17,Philadelphia,Eagles
Jenkins,Malcolm,,SS,27,Philadelphia,Eagles
Jernigan,Timmy,,DT,93,Philadelphia,Eagles
Johnson,Lane,,OT,65,Philadelphia,Eagles
Johnston,Cameron,,P,1,Philadelphia,Eagles
Jones,Sidney,,CB,22,Philadelphia,Eagles
Kelce,Jason,,C,62,Philadelphia,Eagles
LeBlanc,Cre'von,,CB,34,Philadelphia,Eagles
Lovato,Rick,,LS,45,Philadelphia,Eagles
Maddox,Avonte,,FS,29,Philadelphia,Eagles
Mailata,Jordan,,OT,68,Philadelphia,Eagles
McCown,Josh,,QB,18,Philadelphia,Eagles
McLeod,Rodney,,FS,23,Philadelphia,Eagles
Miller,Shareef,,DE,51,Philadelphia,Eagles
Mills,Jalen,,CB,31,Philadelphia,Eagles
Ostman,Joe,,DE,95,Philadelphia,Eagles
Peters,Jason,,OT,71,Philadelphia,Eagles
Pryor,Matt,,OT,69,Philadelphia,Eagles
Ridgeway,Hassan,,DT,98,Philadelphia,Eagles
Rodgers,Richard,,TE,82,Philadelphia,Eagles
Sanders,Miles,,RB,26,Philadelphia,Eagles
Sendejo,Andrew,,SS,42,Philadelphia,Eagles
Seumalo,Isaac,,OG,73,Philadelphia,Eagles
Shittu,Aziz,,DE,67,Philadelphia,Eagles
Sproles,Darren,,RB,43,Philadelphia,Eagles
Sudfeld,Nate,,QB,7,Philadelphia,Eagles
Sweat,Josh,,DE,94,Philadelphia,Eagles
Vaitai,Halapoulivaati,,OT,72,Philadelphia,Eagles
Wentz,Carson,,QB,11,Philadelphia,Eagles
Allen,Jonathan,,DE,93,Washington,Slurs
Anderson,Ryan,,LB,52,Washington,Slurs
Apke,Troy,,DB,30,Washington,Slurs
Bergstrom,Tony,,C,66,Washington,Slurs
Bostic,Jon,,ILB,53,Washington,Slurs
Brailford,Jordan,,LB,95,Washington,Slurs
Brantley,Caleb,,DT,99,Washington,Slurs
Christian,Geron,,OT,74,Washington,Slurs
Collins,Landon,,SS,20,Washington,Slurs
Davis,Vernon,,TE,85,Washington,Slurs
Dunbar,Quinton,,CB,23,Washington,Slurs
Dunn,Casey,,C,55,Washington,Slurs
Everett,Deshazor,,DB,22,Washington,Slurs
Flowers,Ereck,,OT,77,Washington,Slurs
Foster,Reuben,,OLB,56,Washington,Slurs
Guice,Derrius,,RB,29,Washington,Slurs
Hamilton,Shaun Dion,,LB,51,Washington,Slurs
Harmon,Kelvin,,WR,13,Washington,Slurs
Harvey-Clemons,Josh,,LB,40,Washington,Slurs
Haskins,Dwayne,,QB,7,Washington,Slurs
Hester,Treyvon,,DT,96,Washington,Slurs
Holcomb,Cole,,LB,55,Washington,Slurs
Hopkins,Dustin,,K,3,Washington,Slurs
Humphrey,Myles,,LB,54,Washington,Slurs
Ioannidis,Matthew,,DE,98,Washington,Slurs
Johnson,Danny,,DB,41,Washington,Slurs
Keenum,Case,,QB,8,Washington,Slurs
Kerrigan,Ryan,,OLB,91,Washington,Slurs
Martin,Wes,,OG,67,Washington,Slurs
McCoy,Colt,,QB,12,Washington,Slurs
McGill,T.Y.,,DT,null,Washington,Slurs
McKinzy,Cassanova,,LB,58,Washington,Slurs
McLaurin,Terry,,WR,17,Washington,Slurs
Moreau,Fabian,,CB,31,Washington,Slurs
Moreland,Jimmy,,CB,32,Washington,Slurs
Moses,Morgan,,OT,76,Washington,Slurs
Nicholson,Montae,,SS,35,Washington,Slurs
Norman,Josh,,CB,24,Washington,Slurs
Payne,Daron,,NT,94,Washington,Slurs
Penn,Donald,,OT,72,Washington,Slurs
Peterson,Adrian,,RB,26,Washington,Slurs
Pierschbacher,Ross,,C,64,Washington,Slurs
Quinn,Trey,,WR,18,Washington,Slurs
Reed,Jordan,,TE,86,Washington,Slurs
Richardson,Paul,,WR,10,Washington,Slurs
Rodgers-Cromartie,Dominique,,CB,45,Washington,Slurs
Roullier,Chase,,C,73,Washington,Slurs
Scherff,Brandon,,OG,75,Washington,Slurs
Settle,Tim,,DT,97,Washington,Slurs
Sims,Steven,,WR,15,Washington,Slurs
Smallwood,Wendell,,RB,34,Washington,Slurs
Smith,Alex,,QB,11,Washington,Slurs
Sprinkle,Jeremy,,TE,87,Washington,Slurs
Sundberg,Nick,,LS,57,Washington,Slurs
Sweat,Montez,,LB,90,Washington,Slurs
Thomas,Simeon,,DB,null,Washington,Slurs
Thompson,Chris,,RB,25,Washington,Slurs
Vallejo,Tanner,,LB,50,Washington,Slurs
Way,Tress,,P,5,Washington,Slurs
Wilson,Shaun,,RB,31,Washington,Slurs
Woodrum,Josh,,QB,6,Washington,Slurs
Amukamara,Prince,,CB,20,Chicago,Bears
Anderson,Abdullah,,DT,76,Chicago,Bears
Blackmar,Blake,,OG,63,Chicago,Bears
Braunecker,Ben,,TE,82,Chicago,Bears
Burton,Trey,,TE,80,Chicago,Bears
Bush,Deon,,DB,26,Chicago,Bears
Clemmings,T.J.,,OT,79,Chicago,Bears
Clinton-Dix,Ha Ha,,SS,21,Chicago,Bears
Cohen,Tarik,,RB,29,Chicago,Bears
Coward,Rashaad,,OT,69,Chicago,Bears
Daniel,Chase,,QB,4,Chicago,Bears
Daniels,James,,OG,68,Chicago,Bears
Davis,Mike,,RB,25,Chicago,Bears
Floyd,Leonard,,OLB,94,Chicago,Bears
Fuller,Kyle,,CB,23,Chicago,Bears
Gabriel,Taylor,,WR,18,Chicago,Bears
Goldman,Eddie,,NT,91,Chicago,Bears
Hicks,Akiem,,DT,96,Chicago,Bears
Houston-Carson,DeAndre,,DB,36,Chicago,Bears
Irving,Isaiah,,LB,47,Chicago,Bears
Iyiegbuniwe,Joel,,LB,45,Chicago,Bears
Jackson,Eddie,,FS,39,Chicago,Bears
Kwiatkoski,Nick,,ILB,44,Chicago,Bears
Larsen,Ted,,OG,62,Chicago,Bears
Leno,Charles,Jr.,OT,72,Chicago,Bears
Long,Kyle,,OG,75,Chicago,Bears
Lucas,Cornelius,,OT,73,Chicago,Bears
Lynch,Aaron,,OLB,99,Chicago,Bears
Mack,Khalil,,OLB,52,Chicago,Bears
Massie,Bobby,,OT,70,Chicago,Bears
McManis,Sherrick,,DB,27,Chicago,Bears
Miller,Anthony,,WR,17,Chicago,Bears
Montgomery,David,,RB,32,Chicago,Bears
Nichols,Bilal,,DT,98,Chicago,Bears
O'Donnell,Pat,,P,16,Chicago,Bears
Patterson,Cordarrelle,,WR,84,Chicago,Bears
Pierre-Louis,Kevin,,LB,57,Chicago,Bears
Pineiro,Eddy,,K,15,Chicago,Bears
Raymond,Dax,,TE,46,Chicago,Bears
Ridley,Riley,,WR,88,Chicago,Bears
Robertson-Harris,Roy,,DE,95,Chicago,Bears
Robinson,Allen,,WR,12,Chicago,Bears
Scales,Patrick,,LS,48,Chicago,Bears
Shaheen,Adam,,TE,87,Chicago,Bears
Shelley,Duke,,CB,33,Chicago,Bears
Simmons,Josh,,DB,48,Chicago,Bears
Skrine,Buster,,CB,24,Chicago,Bears
Smith,Roquan,,ILB,58,Chicago,Bears
Sowell,Bradley,,TE,85,Chicago,Bears
Toliver,Kevin,,DB,22,Chicago,Bears
Trevathan,Danny,,ILB,59,Chicago,Bears
Trubisky,Mitchell,,QB,10,Chicago,Bears
Whitehair,Cody,,C,65,Chicago,Bears
Whyte,Kerrith,,RB,38,Chicago,Bears
Williams,Nick,,DT,97,Chicago,Bears
Wims,Javon,,WR,83,Chicago,Bears
Woods,Josh,,LB,55,Chicago,Bears
Aboushi,Oday,,OG,76,Detroit,Lions
Agnew,Jamal,,CB,39,Detroit,Lions
Amendola,Danny,,WR,80,Detroit,Lions
Anderson,C.J.,,RB,26,Detroit,Lions
Bawden,Nick,,RB,46,Detroit,Lions
Benzschawel,Beau,,OG,63,Detroit,Lions
Blough,David,,QB,10,Detroit,Lions
Bryant,Austin,,DE,94,Detroit,Lions
Coleman,Justin,,CB,27,Detroit,Lions
Crosby,Tyrell,,OG,65,Detroit,Lions
Dahl,Joe,,OG,66,Detroit,Lions
Daniels,Mike,,DE,96,Detroit,Lions
Davis,Jarrad,,MLB,40,Detroit,Lions
Decker,Taylor,,OT,68,Detroit,Lions
Diggs,Quandre,,DB,28,Detroit,Lions
Flowers,Trey,,DE,90,Detroit,Lions
Ford,Mike,,DB,38,Detroit,Lions
Fulgham,Travis,,WR,14,Detroit,Lions
Glasgow,Graham,,C,60,Detroit,Lions
Golladay,Kenny,,WR,19,Detroit,Lions
Hand,Da'Shawn,,DE,93,Detroit,Lions
Harris,Will,,DB,25,Detroit,Lions
Harrison,Damon,,DT,98,Detroit,Lions
Hockenson,T.J.,,TE,88,Detroit,Lions
James,Jesse,,TE,83,Detroit,Lions
Johnson,Josh,,QB,8,Detroit,Lions
Johnson,Kerryon,,RB,33,Detroit,Lions
Johnson,Ty,,RB,31,Detroit,Lions
Jones,Christian,,OLB,52,Detroit,Lions
Jones,Marvin,,WR,11,Detroit,Lions
Kearse,Jermaine,,WR,18,Detroit,Lions
Kennard,Devon,,OLB,42,Detroit,Lions
Kilgo,Darius,,NT,97,Detroit,Lions
Killebrew,Miles,,DB,35,Detroit,Lions
Lacy,Chris,,WR,15,Detroit,Lions
Martin,Sam,,P,6,Detroit,Lions
McKissic,J.D.,,RB,41,Detroit,Lions
Melvin,Rashaan,,CB,29,Detroit,Lions
Moore,C.J.,,DB,49,Detroit,Lions
Muhlbach,Don,,LS,48,Detroit,Lions
Okwara,Romeo,,DE,95,Detroit,Lions
Oruwariye,Amani,,CB,24,Detroit,Lions
Prater,Matt,,K,5,Detroit,Lions
Ragnow,Frank,,OG,77,Detroit,Lions
Reeves-Maybin,Jalen,,LB,44,Detroit,Lions
Robinson,A'Shawn,,DT,91,Detroit,Lions
Slay,Darius,,CB,23,Detroit,Lions
Stafford,Matthew,,QB,9,Detroit,Lions
Strong,Kevin,,DT,92,Detroit,Lions
Tavai,Jahlani,,LB,51,Detroit,Lions
Thomas,Logan,,TE,82,Detroit,Lions
Virgin,Dee,,DB,30,Detroit,Lions
Wagner,Rick,,OT,71,Detroit,Lions
Walker,Tracy,,DB,21,Detroit,Lions
Wiggins,Kenny,,OG,79,Detroit,Lions
Wilson,Tavon,,DB,32,Detroit,Lions
Adams,Davante,,WR,17,Green Bay,Packers
Adams,Montravius,,DT,90,Green Bay,Packers
Alexander,Jaire,,CB,23,Green Bay,Packers
Allison,Geronimo,,WR,81,Green Bay,Packers
Amos,Adrian,,SS,31,Green Bay,Packers
Bakhtiari,David,,OT,69,Green Bay,Packers
Bolton,Curtis,,LB,40,Green Bay,Packers
Boyle,Tim,,QB,8,Green Bay,Packers
Bradley,Hunter,,LS,43,Green Bay,Packers
Brown,Fadol,,DE,98,Green Bay,Packers
Brown,Tony,,DB,28,Green Bay,Packers
Bulaga,Bryan,,OT,75,Green Bay,Packers
Burks,Oren,,ILB,42,Green Bay,Packers
Campbell,Ibraheim,,DB,39,Green Bay,Packers
Clark,Kenny,,NT,97,Green Bay,Packers
Crosby,Mason,,K,2,Green Bay,Packers
Davis,Trevor,,WR,11,Green Bay,Packers
Fackrell,Kyler,,LB,51,Green Bay,Packers
Gary,Rashan,,LB,52,Green Bay,Packers
Goodson,B.J.,,MLB,93,Green Bay,Packers
Graham,Jimmy,,TE,80,Green Bay,Packers
Greene,Raven,,DB,24,Green Bay,Packers
Hollman,Ka'Dar,,CB,29,Green Bay,Packers
Jackson,Josh,,CB,37,Green Bay,Packers
Jenkins,Elgton,,OG,74,Green Bay,Packers
Johnson,Malcolm,,RB,46,Green Bay,Packers
Jones,Aaron,,RB,33,Green Bay,Packers
Keke,Kingsley,,DT,96,Green Bay,Packers
King,Kevin,,CB,20,Green Bay,Packers
Kumerow,Jake,,WR,16,Green Bay,Packers
Lancaster,Tyler,,DT,95,Green Bay,Packers
Lazard,Allen,,WR,13,Green Bay,Packers
Lewis,Marcedes,,TE,89,Green Bay,Packers
Light,Alex,,OG,70,Green Bay,Packers
Linsley,Corey,,C,63,Green Bay,Packers
Lowry,Dean,,DE,94,Green Bay,Packers
Madison,Cole,,OG,61,Green Bay,Packers
Martinez,Blake,,ILB,50,Green Bay,Packers
Patrick,Lucas,,OG,62,Green Bay,Packers
Redmond,Will,,CB,25,Green Bay,Packers
Roberts,Greg,,LB,57,Green Bay,Packers
Rodgers,Aaron,,QB,12,Green Bay,Packers
Savage,Darnell,,DB,26,Green Bay,Packers
Scott,J.K.,,P,6,Green Bay,Packers
Shepherd,Darrius,,WR,10,Green Bay,Packers
Smith,Preston,,OLB,91,Green Bay,Packers
Smith,Za'Darius,,OLB,55,Green Bay,Packers
Spriggs,Jason,,OT,78,Green Bay,Packers
St. Brown,Equanimeous,,WR,19,Green Bay,Packers
Sternberger,Jace,,TE,87,Green Bay,Packers
Sullivan,Chandon,,DB,39,Green Bay,Packers
Summers,Ty,,LB,44,Green Bay,Packers
Taylor,Lane,,OG,65,Green Bay,Packers
Tonyan,Robert,,TE,85,Green Bay,Packers
Turner,Billy,,OT,77,Green Bay,Packers
Valdes-Scantling,Marquez,,WR,83,Green Bay,Packers
Vitale,Danny,,FB,45,Green Bay,Packers
Williams,Dexter,,RB,22,Green Bay,Packers
Williams,Jamaal,,RB,30,Green Bay,Packers
Williams,Tramon,,CB,38,Green Bay,Packers
Abdullah,Ameer,,RB,31,Minnesota,Vikings
Alexander,Mackensie,,CB,20,Minnesota,Vikings
Aruna,Ade,,DE,68,Minnesota,Vikings
Bailey,Dan,,K,5,Minnesota,Vikings
Barr,Anthony,,OLB,55,Minnesota,Vikings
Beebe,Chad,,WR,12,Minnesota,Vikings
Boone,Mike,,RB,23,Minnesota,Vikings
Boyd,Kris,,DB,38,Minnesota,Vikings
Bradbury,Garrett,,C,56,Minnesota,Vikings
Brothers,Kentrell,,LB,40,Minnesota,Vikings
Colquitt,Britton,,P,2,Minnesota,Vikings
Conklin,Tyler,,TE,83,Minnesota,Vikings
Cook,Dalvin,,RB,33,Minnesota,Vikings
Cousins,Kirk,,QB,8,Minnesota,Vikings
Cutting,Austin,,LS,58,Minnesota,Vikings
Diggs,Stefon,,WR,14,Minnesota,Vikings
Doctson,Josh,,WR,18,Minnesota,Vikings
Dozier,Dakota,,OG,78,Minnesota,Vikings
Elflein,Pat,,OG,65,Minnesota,Vikings
Epps,Marcus,,SAF,39,Minnesota,Vikings
Fields,Mark,,CB,32,Minnesota,Vikings
Gedeon,Ben,,OLB,42,Minnesota,Vikings
Griffen,Everson,,DE,97,Minnesota,Vikings
Ham,C.J.,,FB,30,Minnesota,Vikings
Harris,Anthony,,DB,41,Minnesota,Vikings
Hill,Holton,,DB,24,Minnesota,Vikings
Hill,Rashod,,OT,69,Minnesota,Vikings
Holmes,Jalyn,,DT,92,Minnesota,Vikings
Hughes,Mike,,CB,21,Minnesota,Vikings
Hunter,Danielle,,DE,99,Minnesota,Vikings
Johnson,Jaleel,,DT,94,Minnesota,Vikings
Johnson,Bisi,,WR,81,Minnesota,Vikings
Jones,Brett,,C,null,Minnesota,Vikings
Joseph,Linval,,DT,98,Minnesota,Vikings
Kearse,Jayron,,SAF,27,Minnesota,Vikings
Kendricks,Eric,,MLB,54,Minnesota,Vikings
Kline,Josh,,OG,64,Minnesota,Vikings
Mannion,Sean,,QB,4,Minnesota,Vikings
Mata'afa,Hercules,,DE,51,Minnesota,Vikings
Mattison,Alexander,,RB,25,Minnesota,Vikings
Morgan,David,,TE,89,Minnesota,Vikings
O'Neill,Brian,,OT,75,Minnesota,Vikings
Odenigbo,Ifeadi,,DE,95,Minnesota,Vikings
Reiff,Riley,,OT,71,Minnesota,Vikings
Rhodes,Xavier,,CB,29,Minnesota,Vikings
Rudolph,Kyle,,TE,82,Minnesota,Vikings
Samia,Dru,,OG,73,Minnesota,Vikings
Smith,Harrison,,FS,22,Minnesota,Vikings
Smith,Irv,,TE,84,Minnesota,Vikings
Stephen,Shamar,,DT,93,Minnesota,Vikings
Thielen,Adam,,WR,19,Minnesota,Vikings
Udoh,Oli,,OT,74,Minnesota,Vikings
Watts,Armon,,DT,96,Minnesota,Vikings
Waynes,Trae,,CB,26,Minnesota,Vikings
Weatherly,Stephen,,DE,91,Minnesota,Vikings
Wharton,Isaiah,,DB,35,Minnesota,Vikings
Wilson,Eric,,LB,50,Minnesota,Vikings
Allen,Ricardo,,FS,37,Atlanta,Falcons
Bailey,Allen,,DE,93,Atlanta,Falcons
Barner,Kenjon,,RB,38,Atlanta,Falcons
Beasley,Vic,,LB,44,Atlanta,Falcons
Benkert,Kurt,,QB,6,Atlanta,Falcons
Bennett,Michael,,DT,93,Atlanta,Falcons
Bosher,Matt,,P,5,Atlanta,Falcons
Brown,Jamon,,OG,68,Atlanta,Falcons
Brown,Richie,,LB,49,Atlanta,Falcons
Bryant,Matt,,K,3,Atlanta,Falcons
Calhoun,Taveze,,CB,39,Atlanta,Falcons
Campbell,De'Vondre,,OLB,59,Atlanta,Falcons
Carpenter,James,,OG,77,Atlanta,Falcons
Clayborn,Adrian,,DE,99,Atlanta,Falcons
Cominsky,John,,DE,50,Atlanta,Falcons
Crawford,Jack,,DT,95,Atlanta,Falcons
Davison,Tyeler,,DT,96,Atlanta,Falcons
Freeman,Devonta,,RB,24,Atlanta,Falcons
Gage,Russell,,WR,83,Atlanta,Falcons
Gono,Matt,,OT,73,Atlanta,Falcons
Grace,Jermaine,,LB,53,Atlanta,Falcons
Graham,Jaeden,,TE,87,Atlanta,Falcons
Gray,Alex,,TE,89,Atlanta,Falcons
Hageman,Ra'Shede,,DT,90,Atlanta,Falcons
Hardy,Justin,,WR,14,Atlanta,Falcons
Harris,Josh,,LS,47,Atlanta,Falcons
Hill,Brian,,RB,23,Atlanta,Falcons
Hooper,Austin,,TE,81,Atlanta,Falcons
Ishmael,Kemal,,DB,36,Atlanta,Falcons
Jarrett,Grady,,DT,97,Atlanta,Falcons
Jones,Deion,,LB,45,Atlanta,Falcons
Jones,Julio,,WR,11,Atlanta,Falcons
Kazee,Damontae,,SS,27,Atlanta,Falcons
Lindstrom,Chris,,OG,63,Atlanta,Falcons
Mack,Alex,,C,51,Atlanta,Falcons
Matthews,Jake,,OT,70,Atlanta,Falcons
McGary,Kaleb,,OT,76,Atlanta,Falcons
McKinley,Takkarist,,DE,98,Atlanta,Falcons
Means,Steven,,DE,56,Atlanta,Falcons
Miller,Jordan,,DB,28,Atlanta,Falcons
Neal,Keanu,,SS,22,Atlanta,Falcons
Neasman,Sharrod,,DB,41,Atlanta,Falcons
Oliver,Isaiah,,FS,26,Atlanta,Falcons
Ollison,Qadree,,RB,32,Atlanta,Falcons
Oluokun,Foye,,LB,54,Atlanta,Falcons
Ridley,Calvin,,WR,18,Atlanta,Falcons
Riley,Duke,,MLB,42,Atlanta,Falcons
Ryan,Matt,,QB,2,Atlanta,Falcons
Sambrailo,Ty,,OT,74,Atlanta,Falcons
Sanu,Mohamed,,WR,12,Atlanta,Falcons
Schaub,Matt,,QB,8,Atlanta,Falcons
Schweitzer,Wes,,OG,71,Atlanta,Falcons
Senat,Deadrin,,DT,94,Atlanta,Falcons
Sheffield,Kendall,,DB,20,Atlanta,Falcons
Simms,Matt,,QB,4,Atlanta,Falcons
Smith,Keith,,RB,40,Atlanta,Falcons
Smith,Ito,,RB,25,Atlanta,Falcons
Stocker,Luke,,TE,80,Atlanta,Falcons
Trufant,Desmond,,CB,21,Atlanta,Falcons
Wetzel,John,,OG,null,Atlanta,Falcons
Wilcox,J.J.,,DB,29,Atlanta,Falcons
Wreh-Wilson,Blidi,,DB,33,Atlanta,Falcons
Zaccheaus,Olamide,,WR,17,Atlanta,Falcons
Addison,Mario,,DE,97,Carolina,Panthers
Allen,Kyle,,QB,7,Carolina,Panthers
Amichia,Kofi,,OG,79,Carolina,Panthers
Armah,Alex,,FB,40,Carolina,Panthers
Baugh,Marcus,,TE,85,Carolina,Panthers
Bonnafon,Reggie,,RB,39,Carolina,Panthers
Boston,Tre,,DB,33,Carolina,Panthers
Bradberry,James,,CB,24,Carolina,Panthers
Burns,Brian,,DE,53,Carolina,Panthers
Butler,Vernon,,DT,92,Carolina,Panthers
Carter,Jermaine,,LB,56,Carolina,Panthers
Cockrell,Ross,,DB,47,Carolina,Panthers
Daley,Dennis,,OT,65,Carolina,Panthers
Elliott,Javien,,CB,23,Carolina,Panthers
Gano,Graham,,K,9,Carolina,Panthers
Gaulden,Rashaan,,DB,28,Carolina,Panthers
Gordon,Dillon,,OT,66,Carolina,Panthers
Greene,Brandon,,OT,75,Carolina,Panthers
Grier,Will,,QB,3,Carolina,Panthers
Haynes,Marquis,,DE,98,Carolina,Panthers
Hogan,Chris,,WR,15,Carolina,Panthers
Irvin,Bruce,,DE,55,Carolina,Panthers
Jackson,Donte,,CB,26,Carolina,Panthers
Jamerson,Natrell,,DB,30,Carolina,Panthers
Jansen,J.J.,,LS,44,Carolina,Panthers
Jones,Colin,,SS,42,Carolina,Panthers
Kuechly,Luke,,MLB,59,Carolina,Panthers
Kunaszyk,Jordan,,ILB,43,Carolina,Panthers
Larsen,Tyler,,C,69,Carolina,Panthers
Little,Greg,,OT,74,Carolina,Panthers
Love,Kyle,,DT,77,Carolina,Panthers
Manhertz,Chris,,TE,82,Carolina,Panthers
McCaffrey,Christian,,RB,22,Carolina,Panthers
McCloud,Ray-Ray,,WR,14,Carolina,Panthers
McCoy,Gerald,,DT,93,Carolina,Panthers
Miller,Christian,,LB,50,Carolina,Panthers
Moore,D.J.,,WR,12,Carolina,Panthers
Moton,Taylor,,OT,72,Carolina,Panthers
Newton,Cam,,QB,1,Carolina,Panthers
O'Brien,Kitt,,OG,77,Carolina,Panthers
Obada,Efe,,DE,94,Carolina,Panthers
Olsen,Greg,,TE,88,Carolina,Panthers
Palardy,Michael,,P,5,Carolina,Panthers
Paradis,Matt,,C,61,Carolina,Panthers
Parms,Damian,,DB,45,Carolina,Panthers
Poe,Dontari,,DT,95,Carolina,Panthers
Reid,Eric,,SS,25,Carolina,Panthers
Samuel,Curtis,,WR,10,Carolina,Panthers
Scarlett,Jordan,,RB,20,Carolina,Panthers
Short,Kawann,,DT,99,Carolina,Panthers
Slye,Joey,,K,4,Carolina,Panthers
Smith,Andre,,LB,57,Carolina,Panthers
Thomas,Ian,,TE,80,Carolina,Panthers
Thompson,Shaq,,OLB,54,Carolina,Panthers
Turner,Trai,,OG,70,Carolina,Panthers
Vaeao,Destiny,,DT,75,Carolina,Panthers
Van Roten,Greg,,OG,73,Carolina,Panthers
Williams,Daryl,,OT,60,Carolina,Panthers
Wright,Jarius,,WR,13,Carolina,Panthers
Zylstra,Brandon,,WR,11,Carolina,Panthers
Allen,Javorius,,RB,37,New Orleans,Saints
Alonso,Kiko,,OLB,64,New Orleans,Saints
Anzalone,Alex,,MLB,47,New Orleans,Saints
Apple,Eli,,CB,25,New Orleans,Saints
Armstead,Terron,,OT,72,New Orleans,Saints
Bell,Vonn,,SS,24,New Orleans,Saints
Brees,Drew,,QB,9,New Orleans,Saints
Bridgewater,Teddy,,QB,5,New Orleans,Saints
Brown,Malcom,,DT,90,New Orleans,Saints
Carr,Austin,,WR,80,New Orleans,Saints
Clapp,Will,,C,64,New Orleans,Saints
Cook,Jared,,TE,87,New Orleans,Saints
Crawley,Ken,,CB,20,New Orleans,Saints
Davenport,Marcus,,DE,92,New Orleans,Saints
Davis,Demario,,OLB,56,New Orleans,Saints
Easton,Nick,,C,62,New Orleans,Saints
Edwards,Mario,,DE,97,New Orleans,Saints
Elliss,Kaden,,LB,55,New Orleans,Saints
Gardner-Johnson,Chauncey,,DB,22,New Orleans,Saints
Ginn,Ted,,WR,19,New Orleans,Saints
Granderson,Carl,,DE,57,New Orleans,Saints
Gray,J.T.,,DB,48,New Orleans,Saints
Greenidge,Ethan,,OT,73,New Orleans,Saints
Griffin,Garrett,,TE,45,New Orleans,Saints
Hampton,Saquan,,DB,33,New Orleans,Saints
Hardee,Justin,,DB,34,New Orleans,Saints
Harris,Deonte,,WR,11,New Orleans,Saints
Hendrickson,Trey,,DE,91,New Orleans,Saints
Hill,Josh,,TE,89,New Orleans,Saints
Hill,Taysom,,QB,7,New Orleans,Saints
Jordan,Cameron,,DE,94,New Orleans,Saints
Jumper,Colton,,LB,51,New Orleans,Saints
Kamara,Alvin,,RB,41,New Orleans,Saints
Kirkwood,Keith,,WR,18,New Orleans,Saints
Klein,A.J.,,OLB,53,New Orleans,Saints
Lattimore,Marshon,,CB,23,New Orleans,Saints
Line,Zach,,FB,42,New Orleans,Saints
Lutz,Wil,,K,3,New Orleans,Saints
Martin,Josh,,LB,95,New Orleans,Saints
McCoy,Erik,,C,78,New Orleans,Saints
Morstead,Thomas,,P,6,New Orleans,Saints
Murray,Latavius,,RB,28,New Orleans,Saints
Omameh,Patrick,,OG,60,New Orleans,Saints
Onyemata,David,,DT,93,New Orleans,Saints
Peat,Andrus,,OG,75,New Orleans,Saints
Ramczyk,Ryan,,OT,71,New Orleans,Saints
Rankins,Sheldon,,DT,98,New Orleans,Saints
Robertson,Craig,,LB,52,New Orleans,Saints
Robinson,Patrick,,DB,21,New Orleans,Saints
Smith,Tre'Quan,,WR,10,New Orleans,Saints
Stallworth,Taylor,,DT,95,New Orleans,Saints
Thomas,Michael,,WR,13,New Orleans,Saints
Tom,Cameron,,C,63,New Orleans,Saints
Tuttle,Shy,,DT,99,New Orleans,Saints
Warford,Larry,,OG,67,New Orleans,Saints
Washington,Dwayne,,RB,27,New Orleans,Saints
Williams,P.J.,,CB,26,New Orleans,Saints
Williams,Marcus,,FS,43,New Orleans,Saints
Wood,Zach,,LS,49,New Orleans,Saints
Adams,Andrew,,DB,null,Tampa Bay,Buccaneers
Allen,Beau,,DT,91,Tampa Bay,Buccaneers
Auclair,Antony,,TE,82,Tampa Bay,Buccaneers
Bailey,Zack,,OG,61,Tampa Bay,Buccaneers
Barber,Peyton,,RB,25,Tampa Bay,Buccaneers
Barrett,Shaquil,,LB,58,Tampa Bay,Buccaneers
Bond,Devante,,LB,59,Tampa Bay,Buccaneers
Brate,Cameron,,TE,84,Tampa Bay,Buccaneers
Brent,K.J.,,WR,15,Tampa Bay,Buccaneers
Bucannon,Deone,,OLB,23,Tampa Bay,Buccaneers
Cappa,Alex,,OG,65,Tampa Bay,Buccaneers
Cichy,Jack,,LB,48,Tampa Bay,Buccaneers
David,Lavonte,,OLB,54,Tampa Bay,Buccaneers
Davis,Carlton,,CB,33,Tampa Bay,Buccaneers
Dean,Jamel,,DB,35,Tampa Bay,Buccaneers
Dixon,D'Cota,,DB,38,Tampa Bay,Buccaneers
Dotson,Demar,,OT,69,Tampa Bay,Buccaneers
Edwards,Mike,,SAF,34,Tampa Bay,Buccaneers
Evans,Justin,,SS,21,Tampa Bay,Buccaneers
Evans,Mike,,WR,13,Tampa Bay,Buccaneers
Gabbert,Blaine,,QB,11,Tampa Bay,Buccaneers
Gay,Matt,,K,9,Tampa Bay,Buccaneers
Gholston,William,,DT,92,Tampa Bay,Buccaneers
Godwin,Chris,,WR,12,Tampa Bay,Buccaneers
Griffin,Ryan,,QB,4,Tampa Bay,Buccaneers
Hargreaves,Vernon III,,CB,28,Tampa Bay,Buccaneers
Harris,Demone,,LB,53,Tampa Bay,Buccaneers
Hawkins,Jerald,,OT,70,Tampa Bay,Buccaneers
Howard,O.J.,,TE,80,Tampa Bay,Buccaneers
Hudson,Tanner,,TE,88,Tampa Bay,Buccaneers
Jensen,Ryan,,C,66,Tampa Bay,Buccaneers
Jones,Ronald,,RB,27,Tampa Bay,Buccaneers
Ledbetter,Jeremiah,,DE,78,Tampa Bay,Buccaneers
Liedtke,Michael,,OG,67,Tampa Bay,Buccaneers
Logan,T.J.,,RB,22,Tampa Bay,Buccaneers
Marpet,Ali,,OG,74,Tampa Bay,Buccaneers
Miller,Scott,,WR,10,Tampa Bay,Buccaneers
Minter,Kevin,,LB,51,Tampa Bay,Buccaneers
Mitchell,Bryant,,WR,16,Tampa Bay,Buccaneers
Murphy-Bunting,Sean,,DB,26,Tampa Bay,Buccaneers
Nassib,Carl,,LB,94,Tampa Bay,Buccaneers
Nelson,Anthony,,LB,98,Tampa Bay,Buccaneers
Nunez-Roches,Rakeem,,DT,56,Tampa Bay,Buccaneers
Ogunbowale,Dare,,RB,44,Tampa Bay,Buccaneers
Perriman,Breshad,,WR,19,Tampa Bay,Buccaneers
Pinion,Bradley,,P,8,Tampa Bay,Buccaneers
Smith,Donovan,,OT,76,Tampa Bay,Buccaneers
Smith,Ryan,,CB,29,Tampa Bay,Buccaneers
Stewart,Darian,,SS,27,Tampa Bay,Buccaneers
Stewart,M.J.,,CB,36,Tampa Bay,Buccaneers
Stewart,Orion,,DB,30,Tampa Bay,Buccaneers
Suh,Ndamukong,,NT,93,Tampa Bay,Buccaneers
Triner,Zach,,LS,97,Tampa Bay,Buccaneers
Vea,Vita,,DT,50,Tampa Bay,Buccaneers
Watford,Earl,,OG,71,Tampa Bay,Buccaneers
Watson,Justin,,WR,17,Tampa Bay,Buccaneers
Wells,Josh,,OT,null,Tampa Bay,Buccaneers
White,Devin,,LB,45,Tampa Bay,Buccaneers
Whitehead,Jordan,,FS,31,Tampa Bay,Buccaneers
Wilson,Bobo,,WR,85,Tampa Bay,Buccaneers
Winston,Jameis,,QB,3,Tampa Bay,Buccaneers
Alford,Robert,,CB,23,Arizona,Cardinals
Allen,Zach,,DE,97,Arizona,Cardinals
Baker,Budda,,SS,32,Arizona,Cardinals
Brewer,Aaron,,LS,46,Arizona,Cardinals
Brock,Tramaine,,DB,20,Arizona,Cardinals
Brown,Miles,,NT,72,Arizona,Cardinals
Bullard,Jonathan,,DE,90,Arizona,Cardinals
Butler,Hakeem,,WR,17,Arizona,Cardinals
Byrd,Damiere,,WR,14,Arizona,Cardinals
Clay,Charles,,TE,85,Arizona,Cardinals
Cole,Mason,,C,52,Arizona,Cardinals
Crabtree,Michael,,WR,15,Arizona,Cardinals
Dogbe,Michael,,DE,91,Arizona,Cardinals
Edmonds,Chase,,RB,29,Arizona,Cardinals
Fitzgerald,Larry,,WR,11,Arizona,Cardinals
Foster,D.J.,,RB,37,Arizona,Cardinals
Gaillard,Lamont,,C,65,Arizona,Cardinals
Garcia,Max,,OG,73,Arizona,Cardinals
Gardeck,Dennis,,LB,92,Arizona,Cardinals
Gilbert,Marcus,,OT,76,Arizona,Cardinals
Gonzalez,Zane,,K,5,Arizona,Cardinals
Gunter,Rodney,,DT,95,Arizona,Cardinals
Hicks,Jordan,,MLB,58,Arizona,Cardinals
Humphries,D.J.,,OT,74,Arizona,Cardinals
Hundley,Brett,,QB,7,Arizona,Cardinals
Isabella,Andy,,WR,89,Arizona,Cardinals
Johnson,David,,RB,31,Arizona,Cardinals
Johnson,KeeSean,,WR,19,Arizona,Cardinals
Jones,Chandler,,LB,55,Arizona,Cardinals
Jones,Chris,,DB,25,Arizona,Cardinals
Kirk,Christian,,WR,13,Arizona,Cardinals
Lee,Andy,,P,4,Arizona,Cardinals
Marsh,Cassius,,LB,54,Arizona,Cardinals
McDonald,Clinton,,DT,93,Arizona,Cardinals
Miles,Joshua,,OT,66,Arizona,Cardinals
Mills,Jordan,,OT,null,Arizona,Cardinals
Murphy,Byron,,CB,33,Arizona,Cardinals
Murray,Justin,,OT,71,Arizona,Cardinals
Murray,Kyler,,QB,1,Arizona,Cardinals
Peters,Corey,,DT,98,Arizona,Cardinals
Peterson,Kevin,,CB,27,Arizona,Cardinals
Peterson,Patrick,,CB,21,Arizona,Cardinals
Pugh,Justin,,OG,67,Arizona,Cardinals
Reddick,Haason,,OLB,43,Arizona,Cardinals
Reed,Brooks,,LB,50,Arizona,Cardinals
Shaw,Josh,,CB,27,Arizona,Cardinals
Sherfield,Trent,,WR,16,Arizona,Cardinals
Shipley,A.Q.,,C,53,Arizona,Cardinals
Suggs,Terrell,,OLB,56,Arizona,Cardinals
Swearinger,D.J.,,FS,36,Arizona,Cardinals
Sweet,William,,OT,75,Arizona,Cardinals
Sweezy,J.R.,,OG,64,Arizona,Cardinals
Thompson,Deionte,,SAF,35,Arizona,Cardinals
Thompson,Jalen,,DB,38,Arizona,Cardinals
Toth,Brett,,OL,78,Arizona,Cardinals
Turner,Zeke,,LB,47,Arizona,Cardinals
Vujnovich,Jeremy,,OG,null,Arizona,Cardinals
Walker,Joe,,LB,59,Arizona,Cardinals
Washington,Charles,,DB,28,Arizona,Cardinals
Williams,Brandon,,CB,26,Arizona,Cardinals
Williams,Maxx,,TE,87,Arizona,Cardinals
Allen,Brian,,C,55,Los Angeles,Rams
Blythe,Austin,,C,66,Los Angeles,Rams
Bortles,Blake,,QB,5,Los Angeles,Rams
Brockers,Michael,,DE,90,Los Angeles,Rams
Brown,Malcolm,,RB,34,Los Angeles,Rams
Carraway,Josh,,LB,42,Los Angeles,Rams
Christian,Marqui,,DB,26,Los Angeles,Rams
Cooks,Brandin,,WR,12,Los Angeles,Rams
Demby,Jamil,,OG,64,Los Angeles,Rams
Donald,Aaron,,DT,99,Los Angeles,Rams
Ebukam,Samson,,OLB,50,Los Angeles,Rams
Edwards,David,,OT,73,Los Angeles,Rams
Evans,Bobby,,OT,71,Los Angeles,Rams
Everett,Gerald,,TE,81,Los Angeles,Rams
Fowler,Dante,,DE,56,Los Angeles,Rams
Fox,Morgan,,DE,97,Los Angeles,Rams
Gaines,Greg,,DT,91,Los Angeles,Rams
Goff,Jared,,QB,16,Los Angeles,Rams
Gurley,Todd,,RB,30,Los Angeles,Rams
Hager,Bryce,,LB,54,Los Angeles,Rams
Havenstein,Rob,,OT,79,Los Angeles,Rams
Hekker,Johnny,,P,6,Los Angeles,Rams
Henderson,Darrell,,RB,27,Los Angeles,Rams
Higbee,Tyler,,TE,89,Los Angeles,Rams
Hill,Troy,,CB,20,Los Angeles,Rams
Howard,Travin,,LB,48,Los Angeles,Rams
Johnson,John,,SS,43,Los Angeles,Rams
Joseph-Day,Sebastian,,DT,69,Los Angeles,Rams
Kiser,Micah,,LB,59,Los Angeles,Rams
Kupp,Cooper,,WR,18,Los Angeles,Rams
Lawler,Justin,,DE,53,Los Angeles,Rams
Littleton,Cory,,ILB,58,Los Angeles,Rams
Long,David,,DB,41,Los Angeles,Rams
Matthews,Clay,,OLB,52,Los Angeles,Rams
McQuaide,Jake,,LS,44,Los Angeles,Rams
Mundt,Johnny,,TE,82,Los Angeles,Rams
Natson,JoJo,,WR,19,Los Angeles,Rams
Noteboom,Joe,,OT,70,Los Angeles,Rams
Okoronkwo,Obo,,LB,45,Los Angeles,Rams
Patrick,Natrez,,ILB,57,Los Angeles,Rams
Peters,Marcus,,CB,22,Los Angeles,Rams
Rapp,Taylor,,SAF,24,Los Angeles,Rams
Reeder,Troy,,LB,51,Los Angeles,Rams
Reynolds,Josh,,WR,83,Los Angeles,Rams
Robey-Coleman,Nickell,,DB,23,Los Angeles,Rams
Scott,Nick,,DB,33,Los Angeles,Rams
Shelton,Coleman,,C,61,Los Angeles,Rams
Smart,Tanzel,,DT,92,Los Angeles,Rams
Talib,Aqib,,CB,21,Los Angeles,Rams
Thomas,Mike,,WR,88,Los Angeles,Rams
Webster,Nsimba,,WR,14,Los Angeles,Rams
Weddle,Eric,,FS,32,Los Angeles,Rams
Whitworth,Andrew,,OT,77,Los Angeles,Rams
Williams,Darious,,DB,31,Los Angeles,Rams
Woods,Robert,,WR,17,Los Angeles,Rams
Zuerlein,Greg,,K,4,Los Angeles,Rams
Al-Shaair,Azeez,,LB,51,San Francisco,49ers
Alexander,Kwon,,MLB,56,San Francisco,49ers
Armstead,Arik,,DE,91,San Francisco,49ers
Beathard,C.J.,,QB,3,San Francisco,49ers
Blair,Ronald,,DE,98,San Francisco,49ers
Bosa,Nick,,DE,97,San Francisco,49ers
Bourne,Kendrick,,WR,84,San Francisco,49ers
Breida,Matt,,RB,22,San Francisco,49ers
Brunskill,Daniel,,OT,60,San Francisco,49ers
Buckner,DeForest,,DT,99,San Francisco,49ers
Celek,Garrett,,TE,88,San Francisco,49ers
Coleman,Shon,,OT,78,San Francisco,49ers
Coleman,Tevin,,RB,26,San Francisco,49ers
Day,Sheldon,,DT,96,San Francisco,49ers
Dwelley,Ross,,TE,82,San Francisco,49ers
Exum,Antone,,SS,38,San Francisco,49ers
Ford,Dee,,DE,55,San Francisco,49ers
Garland,Ben,,OG,63,San Francisco,49ers
Garoppolo,Jimmy,,QB,10,San Francisco,49ers
Goodwin,Marquise,,WR,11,San Francisco,49ers
Gould,Robbie,,K,9,San Francisco,49ers
Greenlaw,Dre,,LB,57,San Francisco,49ers
Harris,Tim,,CB,35,San Francisco,49ers
Holba,Colin,,LS,40,San Francisco,49ers
Hurd,Jalen,,WR,17,San Francisco,49ers
James,Richie,,WR,13,San Francisco,49ers
Jones,D.J.,,DT,93,San Francisco,49ers
Juszczyk,Kyle,,FB,44,San Francisco,49ers
Kittle,George,,TE,85,San Francisco,49ers
Lauderdale,Andrew,,OT,64,San Francisco,49ers
McGlinchey,Mike,,OT,69,San Francisco,49ers
McKinnon,Jerick,,RB,28,San Francisco,49ers
Moore,Tarvarius,,DB,33,San Francisco,49ers
Moseley,Emmanuel,,DB,41,San Francisco,49ers
Mostert,Raheem,,RB,31,San Francisco,49ers
Mullens,Nick,,QB,4,San Francisco,49ers
Nelson,Kyle,,LS,86,San Francisco,49ers
Nzeocha,Mark,,OLB,53,San Francisco,49ers
Person,Mike,,OG,68,San Francisco,49ers
Pettis,Dante,,WR,18,San Francisco,49ers
Poindexter,Shawn,,WR,1,San Francisco,49ers
Reed,D.J.,,FS,32,San Francisco,49ers
Richburg,Weston,,C,58,San Francisco,49ers
Samuel,Deebo,,WR,19,San Francisco,49ers
Sherman,Richard,,CB,25,San Francisco,49ers
Skule,Justin,,OT,67,San Francisco,49ers
Smith,Kaden,,TE,89,San Francisco,49ers
Staley,Joe,,OT,74,San Francisco,49ers
Street,Kentavius,,DE,95,San Francisco,49ers
Tartt,Jaquiski,,SS,29,San Francisco,49ers
Taylor,Jullian,,DT,77,San Francisco,49ers
Taylor,Trent,,WR,15,San Francisco,49ers
Thomas,Solomon,,DE,94,San Francisco,49ers
Toilolo,Levine,,TE,83,San Francisco,49ers
Tomlinson,Laken,,OG,75,San Francisco,49ers
Verrett,Jason,,DB,27,San Francisco,49ers
Ward,Jimmie,,CB,20,San Francisco,49ers
Warner,Fred,,MLB,54,San Francisco,49ers
Williams,K'Waun,,DB,24,San Francisco,49ers
Wishnowsky,Mitch,,P,6,San Francisco,49ers
Witherspoon,Ahkello,,CB,23,San Francisco,49ers
Amadi,Ugo,,CB,28,Seattle,Seahawks
Ansah,Ezekiel,,DE,94,Seattle,Seahawks
Barton,Cody,,LB,57,Seattle,Seahawks
Bellore,Nick,,RB,44,Seattle,Seahawks
Blair,Marquise,,DB,27,Seattle,Seahawks
Boykins,Jeremy,,DB,1,Seattle,Seahawks
Britt,Justin,,C,68,Seattle,Seahawks
Brown,Duane,,OT,76,Seattle,Seahawks
Brown,Jaron,,WR,18,Seattle,Seahawks
Burr-Kirven,Ben,,LB,55,Seattle,Seahawks
Carson,Chris,,RB,32,Seattle,Seahawks
Choice,Adam,,RB,null,Seattle,Seahawks
Christmas,Demarcus,,DT,67,Seattle,Seahawks
Clowney,Jadeveon,,OLB,90,Seattle,Seahawks
Collier,L.J.,,DE,95,Seattle,Seahawks
Currie,Justin,,LB,47,Seattle,Seahawks
Dickson,Ed,,TE,84,Seattle,Seahawks
Dickson,Michael,,P,4,Seattle,Seahawks
Dissly,Will,,TE,88,Seattle,Seahawks
Ellerbee,Emmanuel,,LB,52,Seattle,Seahawks
Fant,George,,OT,74,Seattle,Seahawks
Flowers,Tre,,CB,37,Seattle,Seahawks
Fluker,D.J.,,OG,78,Seattle,Seahawks
Ford,Poona,,DT,97,Seattle,Seahawks
Green,Rasheem,,DE,98,Seattle,Seahawks
Griffin,Shaquem,,OLB,49,Seattle,Seahawks
Griffin,Shaquill,,CB,26,Seattle,Seahawks
Haynes,Phil,,OG,60,Seattle,Seahawks
Hill,Lano,,DB,42,Seattle,Seahawks
Homer,Travis,,RB,25,Seattle,Seahawks
Hunt,Joey,,C,53,Seattle,Seahawks
Ifedi,Germain,,OT,65,Seattle,Seahawks
Iupati,Mike,,OG,70,Seattle,Seahawks
Jackson,Branden,,DE,93,Seattle,Seahawks
Jefferson,Quinton,,DT,99,Seattle,Seahawks
Jennings,Gary,,WR,11,Seattle,Seahawks
Johnson,Justin,,TE,86,Seattle,Seahawks
Jones,Jamarco,,OT,73,Seattle,Seahawks
Jones,Nazair,,DT,92,Seattle,Seahawks
Kendricks,Mychal,,LB,56,Seattle,Seahawks
King,Akeem,,CB,36,Seattle,Seahawks
Knox,Demetrius,,OG,63,Seattle,Seahawks
Lockett,Tyler,,WR,16,Seattle,Seahawks
McDougald,Bradley,,SS,30,Seattle,Seahawks
Metcalf,D.K.,,WR,14,Seattle,Seahawks
Mone,Bryan,,NT,79,Seattle,Seahawks
Moore,David,,WR,83,Seattle,Seahawks
Myers,Jason,,K,5,Seattle,Seahawks
Ott,Tyler,,LS,69,Seattle,Seahawks
Penny,Rashaad,,RB,20,Seattle,Seahawks
Pocic,Ethan,,OG,77,Seattle,Seahawks
Prosise,C.J.,,RB,22,Seattle,Seahawks
Reed,Jarran,,DT,90,Seattle,Seahawks
Reed,Kalan,,DB,39,Seattle,Seahawks
Simmons,Jordan,,OG,66,Seattle,Seahawks
Smith,Geno,,QB,7,Seattle,Seahawks
Taylor,Jamar,,CB,null,Seattle,Seahawks
Thompson,Tedric,,FS,33,Seattle,Seahawks
Thorpe,Neiko,,DB,23,Seattle,Seahawks
Turner,Malik,,WR,17,Seattle,Seahawks
Ursua,John,,WR,15,Seattle,Seahawks
Vannett,Nick,,TE,81,Seattle,Seahawks
Wagner,Bobby,,MLB,54,Seattle,Seahawks
Wilson,Russell,,QB,3,Seattle,Seahawks
Woods,Al,,DT,72,Seattle,Seahawks
Wright,K.J.,,OLB,50,Seattle,Seahawks